------------------------------------------------------------
-------------------- 2024-12-25 07:12:01 --------------------
Will run command python flash_detection/distillation_main.py --method SGDD --dataset theia --reduction_rate 0.05 > exp_out/run_1GC_theia_SGDD_0.05_.txt
Successfull: python flash_detection/distillation_main.py --method SGDD --dataset theia --reduction_rate 0.05
-------------------- 2024-12-25 07:12:49 --------------------
------------------------------------------------------------
-------------------- 2024-12-25 07:12:49 --------------------
Will run command python flash_detection/detection_main.py --dataset theia --mode train --dist_method SGDD --dist_ratio 0.05 > exp_out/run_2DTC_train_theia_SGDD_0.05_.txt
Successfull: python flash_detection/detection_main.py --dataset theia --mode train --dist_method SGDD --dist_ratio 0.05
-------------------- 2024-12-25 07:12:54 --------------------
------------------------------------------------------------
-------------------- 2024-12-25 07:12:54 --------------------
Will run command python flash_detection/detection_main.py --dataset theia --mode test --dist_method SGDD --dist_ratio 0.05 > exp_out/run_3DTC_test_theia_SGDD_0.05_.txt
Successfull: python flash_detection/detection_main.py --dataset theia --mode test --dist_method SGDD --dist_ratio 0.05
-------------------- 2024-12-25 07:13:03 --------------------
------------------------------------------------------------
------------------------------------------------------------
-------------------- 2024-12-25 07:13:03 --------------------
Will run command python flash_detection/distillation_main.py --method SGDD --dataset theia --reduction_rate 0.03 > exp_out/run_1GC_theia_SGDD_0.03_.txt
Successfull: python flash_detection/distillation_main.py --method SGDD --dataset theia --reduction_rate 0.03
-------------------- 2024-12-25 07:13:26 --------------------
------------------------------------------------------------
-------------------- 2024-12-25 07:13:26 --------------------
Will run command python flash_detection/detection_main.py --dataset theia --mode train --dist_method SGDD --dist_ratio 0.03 > exp_out/run_2DTC_train_theia_SGDD_0.03_.txt
Successfull: python flash_detection/detection_main.py --dataset theia --mode train --dist_method SGDD --dist_ratio 0.03
-------------------- 2024-12-25 07:13:31 --------------------
------------------------------------------------------------
-------------------- 2024-12-25 07:13:31 --------------------
Will run command python flash_detection/detection_main.py --dataset theia --mode test --dist_method SGDD --dist_ratio 0.03 > exp_out/run_3DTC_test_theia_SGDD_0.03_.txt
Successfull: python flash_detection/detection_main.py --dataset theia --mode test --dist_method SGDD --dist_ratio 0.03
-------------------- 2024-12-25 07:13:40 --------------------
------------------------------------------------------------
------------------------------------------------------------
-------------------- 2024-12-25 07:13:40 --------------------
Will run command python flash_detection/distillation_main.py --method SGDD --dataset theia --reduction_rate 0.01 > exp_out/run_1GC_theia_SGDD_0.01_.txt
Successfull: python flash_detection/distillation_main.py --method SGDD --dataset theia --reduction_rate 0.01
-------------------- 2024-12-25 07:13:50 --------------------
------------------------------------------------------------
-------------------- 2024-12-25 07:13:50 --------------------
Will run command python flash_detection/detection_main.py --dataset theia --mode train --dist_method SGDD --dist_ratio 0.01 > exp_out/run_2DTC_train_theia_SGDD_0.01_.txt
Successfull: python flash_detection/detection_main.py --dataset theia --mode train --dist_method SGDD --dist_ratio 0.01
-------------------- 2024-12-25 07:13:55 --------------------
------------------------------------------------------------
-------------------- 2024-12-25 07:13:55 --------------------
Will run command python flash_detection/detection_main.py --dataset theia --mode test --dist_method SGDD --dist_ratio 0.01 > exp_out/run_3DTC_test_theia_SGDD_0.01_.txt
Successfull: python flash_detection/detection_main.py --dataset theia --mode test --dist_method SGDD --dist_ratio 0.01
-------------------- 2024-12-25 07:14:05 --------------------
------------------------------------------------------------
------------------------------------------------------------
-------------------- 2024-12-25 07:14:05 --------------------
Will run command python flash_detection/distillation_main.py --method SGDD --dataset theia --reduction_rate 0.008 > exp_out/run_1GC_theia_SGDD_0.008_.txt
Successfull: python flash_detection/distillation_main.py --method SGDD --dataset theia --reduction_rate 0.008
-------------------- 2024-12-25 07:14:17 --------------------
------------------------------------------------------------
-------------------- 2024-12-25 07:14:17 --------------------
Will run command python flash_detection/detection_main.py --dataset theia --mode train --dist_method SGDD --dist_ratio 0.008 > exp_out/run_2DTC_train_theia_SGDD_0.008_.txt
Successfull: python flash_detection/detection_main.py --dataset theia --mode train --dist_method SGDD --dist_ratio 0.008
-------------------- 2024-12-25 07:14:22 --------------------
------------------------------------------------------------
-------------------- 2024-12-25 07:14:22 --------------------
Will run command python flash_detection/detection_main.py --dataset theia --mode test --dist_method SGDD --dist_ratio 0.008 > exp_out/run_3DTC_test_theia_SGDD_0.008_.txt
Successfull: python flash_detection/detection_main.py --dataset theia --mode test --dist_method SGDD --dist_ratio 0.008
-------------------- 2024-12-25 07:14:31 --------------------
------------------------------------------------------------
------------------------------------------------------------
-------------------- 2024-12-25 07:14:31 --------------------
Will run command python flash_detection/distillation_main.py --method SGDD --dataset theia --reduction_rate 0.006 > exp_out/run_1GC_theia_SGDD_0.006_.txt
Successfull: python flash_detection/distillation_main.py --method SGDD --dataset theia --reduction_rate 0.006
-------------------- 2024-12-25 07:29:29 --------------------
------------------------------------------------------------
-------------------- 2024-12-25 07:29:29 --------------------
Will run command python flash_detection/detection_main.py --dataset theia --mode train --dist_method SGDD --dist_ratio 0.006 > exp_out/run_2DTC_train_theia_SGDD_0.006_.txt
Successfull: python flash_detection/detection_main.py --dataset theia --mode train --dist_method SGDD --dist_ratio 0.006
-------------------- 2024-12-25 07:29:36 --------------------
------------------------------------------------------------
-------------------- 2024-12-25 07:29:36 --------------------
Will run command python flash_detection/detection_main.py --dataset theia --mode test --dist_method SGDD --dist_ratio 0.006 > exp_out/run_3DTC_test_theia_SGDD_0.006_.txt
Successfull: python flash_detection/detection_main.py --dataset theia --mode test --dist_method SGDD --dist_ratio 0.006
-------------------- 2024-12-25 07:30:29 --------------------
------------------------------------------------------------
------------------------------------------------------------
-------------------- 2024-12-25 07:30:29 --------------------
Will run command python flash_detection/distillation_main.py --method SGDD --dataset theia --reduction_rate 0.004 > exp_out/run_1GC_theia_SGDD_0.004_.txt
Successfull: python flash_detection/distillation_main.py --method SGDD --dataset theia --reduction_rate 0.004
-------------------- 2024-12-25 07:37:02 --------------------
------------------------------------------------------------
-------------------- 2024-12-25 07:37:02 --------------------
Will run command python flash_detection/detection_main.py --dataset theia --mode train --dist_method SGDD --dist_ratio 0.004 > exp_out/run_2DTC_train_theia_SGDD_0.004_.txt
Successfull: python flash_detection/detection_main.py --dataset theia --mode train --dist_method SGDD --dist_ratio 0.004
-------------------- 2024-12-25 07:37:09 --------------------
------------------------------------------------------------
-------------------- 2024-12-25 07:37:09 --------------------
Will run command python flash_detection/detection_main.py --dataset theia --mode test --dist_method SGDD --dist_ratio 0.004 > exp_out/run_3DTC_test_theia_SGDD_0.004_.txt
Successfull: python flash_detection/detection_main.py --dataset theia --mode test --dist_method SGDD --dist_ratio 0.004
-------------------- 2024-12-25 07:37:58 --------------------
------------------------------------------------------------
------------------------------------------------------------
-------------------- 2024-12-25 07:37:58 --------------------
Will run command python flash_detection/distillation_main.py --method SGDD --dataset theia --reduction_rate 0.002 > exp_out/run_1GC_theia_SGDD_0.002_.txt
Successfull: python flash_detection/distillation_main.py --method SGDD --dataset theia --reduction_rate 0.002
-------------------- 2024-12-25 07:40:16 --------------------
------------------------------------------------------------
-------------------- 2024-12-25 07:40:16 --------------------
Will run command python flash_detection/detection_main.py --dataset theia --mode train --dist_method SGDD --dist_ratio 0.002 > exp_out/run_2DTC_train_theia_SGDD_0.002_.txt
Successfull: python flash_detection/detection_main.py --dataset theia --mode train --dist_method SGDD --dist_ratio 0.002
-------------------- 2024-12-25 07:40:22 --------------------
------------------------------------------------------------
-------------------- 2024-12-25 07:40:22 --------------------
Will run command python flash_detection/detection_main.py --dataset theia --mode test --dist_method SGDD --dist_ratio 0.002 > exp_out/run_3DTC_test_theia_SGDD_0.002_.txt
Successfull: python flash_detection/detection_main.py --dataset theia --mode test --dist_method SGDD --dist_ratio 0.002
-------------------- 2024-12-25 07:41:11 --------------------
------------------------------------------------------------
------------------------------------------------------------
-------------------- 2024-12-25 07:41:11 --------------------
Will run command python flash_detection/distillation_main.py --method GCond --dataset theia --reduction_rate 0.05 > exp_out/run_1GC_theia_GCond_0.05_.txt
Successfull: python flash_detection/distillation_main.py --method GCond --dataset theia --reduction_rate 0.05
-------------------- 2024-12-25 07:41:54 --------------------
------------------------------------------------------------
-------------------- 2024-12-25 07:41:54 --------------------
Will run command python flash_detection/detection_main.py --dataset theia --mode train --dist_method GCond --dist_ratio 0.05 > exp_out/run_2DTC_train_theia_GCond_0.05_.txt
Successfull: python flash_detection/detection_main.py --dataset theia --mode train --dist_method GCond --dist_ratio 0.05
-------------------- 2024-12-25 07:41:58 --------------------
------------------------------------------------------------
-------------------- 2024-12-25 07:41:58 --------------------
Will run command python flash_detection/detection_main.py --dataset theia --mode test --dist_method GCond --dist_ratio 0.05 > exp_out/run_3DTC_test_theia_GCond_0.05_.txt
Successfull: python flash_detection/detection_main.py --dataset theia --mode test --dist_method GCond --dist_ratio 0.05
-------------------- 2024-12-25 07:42:07 --------------------
------------------------------------------------------------
------------------------------------------------------------
-------------------- 2024-12-25 07:42:07 --------------------
Will run command python flash_detection/distillation_main.py --method GCond --dataset theia --reduction_rate 0.03 > exp_out/run_1GC_theia_GCond_0.03_.txt
Successfull: python flash_detection/distillation_main.py --method GCond --dataset theia --reduction_rate 0.03
-------------------- 2024-12-25 07:42:27 --------------------
------------------------------------------------------------
-------------------- 2024-12-25 07:42:27 --------------------
Will run command python flash_detection/detection_main.py --dataset theia --mode train --dist_method GCond --dist_ratio 0.03 > exp_out/run_2DTC_train_theia_GCond_0.03_.txt
Successfull: python flash_detection/detection_main.py --dataset theia --mode train --dist_method GCond --dist_ratio 0.03
-------------------- 2024-12-25 07:42:31 --------------------
------------------------------------------------------------
-------------------- 2024-12-25 07:42:31 --------------------
Will run command python flash_detection/detection_main.py --dataset theia --mode test --dist_method GCond --dist_ratio 0.03 > exp_out/run_3DTC_test_theia_GCond_0.03_.txt
Successfull: python flash_detection/detection_main.py --dataset theia --mode test --dist_method GCond --dist_ratio 0.03
-------------------- 2024-12-25 07:42:40 --------------------
------------------------------------------------------------
------------------------------------------------------------
-------------------- 2024-12-25 07:42:40 --------------------
Will run command python flash_detection/distillation_main.py --method GCond --dataset theia --reduction_rate 0.01 > exp_out/run_1GC_theia_GCond_0.01_.txt
Successfull: python flash_detection/distillation_main.py --method GCond --dataset theia --reduction_rate 0.01
-------------------- 2024-12-25 07:53:26 --------------------
------------------------------------------------------------
-------------------- 2024-12-25 07:53:26 --------------------
Will run command python flash_detection/detection_main.py --dataset theia --mode train --dist_method GCond --dist_ratio 0.01 > exp_out/run_2DTC_train_theia_GCond_0.01_.txt
Successfull: python flash_detection/detection_main.py --dataset theia --mode train --dist_method GCond --dist_ratio 0.01
-------------------- 2024-12-25 07:53:35 --------------------
------------------------------------------------------------
-------------------- 2024-12-25 07:53:35 --------------------
Will run command python flash_detection/detection_main.py --dataset theia --mode test --dist_method GCond --dist_ratio 0.01 > exp_out/run_3DTC_test_theia_GCond_0.01_.txt
Successfull: python flash_detection/detection_main.py --dataset theia --mode test --dist_method GCond --dist_ratio 0.01
-------------------- 2024-12-25 07:54:24 --------------------
------------------------------------------------------------
------------------------------------------------------------
-------------------- 2024-12-25 07:54:24 --------------------
Will run command python flash_detection/distillation_main.py --method GCond --dataset theia --reduction_rate 0.008 > exp_out/run_1GC_theia_GCond_0.008_.txt
Successfull: python flash_detection/distillation_main.py --method GCond --dataset theia --reduction_rate 0.008
-------------------- 2024-12-25 08:01:31 --------------------
------------------------------------------------------------
-------------------- 2024-12-25 08:01:31 --------------------
Will run command python flash_detection/detection_main.py --dataset theia --mode train --dist_method GCond --dist_ratio 0.008 > exp_out/run_2DTC_train_theia_GCond_0.008_.txt
Successfull: python flash_detection/detection_main.py --dataset theia --mode train --dist_method GCond --dist_ratio 0.008
-------------------- 2024-12-25 08:01:42 --------------------
------------------------------------------------------------
-------------------- 2024-12-25 08:01:42 --------------------
Will run command python flash_detection/detection_main.py --dataset theia --mode test --dist_method GCond --dist_ratio 0.008 > exp_out/run_3DTC_test_theia_GCond_0.008_.txt
Successfull: python flash_detection/detection_main.py --dataset theia --mode test --dist_method GCond --dist_ratio 0.008
-------------------- 2024-12-25 08:02:31 --------------------
------------------------------------------------------------
------------------------------------------------------------
-------------------- 2024-12-25 08:02:31 --------------------
Will run command python flash_detection/distillation_main.py --method GCond --dataset theia --reduction_rate 0.006 > exp_out/run_1GC_theia_GCond_0.006_.txt
Successfull: python flash_detection/distillation_main.py --method GCond --dataset theia --reduction_rate 0.006
-------------------- 2024-12-25 08:06:51 --------------------
------------------------------------------------------------
-------------------- 2024-12-25 08:06:51 --------------------
Will run command python flash_detection/detection_main.py --dataset theia --mode train --dist_method GCond --dist_ratio 0.006 > exp_out/run_2DTC_train_theia_GCond_0.006_.txt
Successfull: python flash_detection/detection_main.py --dataset theia --mode train --dist_method GCond --dist_ratio 0.006
-------------------- 2024-12-25 08:06:58 --------------------
------------------------------------------------------------
-------------------- 2024-12-25 08:06:58 --------------------
Will run command python flash_detection/detection_main.py --dataset theia --mode test --dist_method GCond --dist_ratio 0.006 > exp_out/run_3DTC_test_theia_GCond_0.006_.txt
Successfull: python flash_detection/detection_main.py --dataset theia --mode test --dist_method GCond --dist_ratio 0.006
-------------------- 2024-12-25 08:07:47 --------------------
------------------------------------------------------------
------------------------------------------------------------
-------------------- 2024-12-25 08:07:47 --------------------
Will run command python flash_detection/distillation_main.py --method GCond --dataset theia --reduction_rate 0.004 > exp_out/run_1GC_theia_GCond_0.004_.txt
Successfull: python flash_detection/distillation_main.py --method GCond --dataset theia --reduction_rate 0.004
-------------------- 2024-12-25 08:10:08 --------------------
------------------------------------------------------------
-------------------- 2024-12-25 08:10:08 --------------------
Will run command python flash_detection/detection_main.py --dataset theia --mode train --dist_method GCond --dist_ratio 0.004 > exp_out/run_2DTC_train_theia_GCond_0.004_.txt
Successfull: python flash_detection/detection_main.py --dataset theia --mode train --dist_method GCond --dist_ratio 0.004
-------------------- 2024-12-25 08:10:14 --------------------
------------------------------------------------------------
-------------------- 2024-12-25 08:10:14 --------------------
Will run command python flash_detection/detection_main.py --dataset theia --mode test --dist_method GCond --dist_ratio 0.004 > exp_out/run_3DTC_test_theia_GCond_0.004_.txt
Successfull: python flash_detection/detection_main.py --dataset theia --mode test --dist_method GCond --dist_ratio 0.004
-------------------- 2024-12-25 08:11:04 --------------------
------------------------------------------------------------
------------------------------------------------------------
-------------------- 2024-12-25 08:11:04 --------------------
Will run command python flash_detection/distillation_main.py --method GCond --dataset theia --reduction_rate 0.002 > exp_out/run_1GC_theia_GCond_0.002_.txt
Successfull: python flash_detection/distillation_main.py --method GCond --dataset theia --reduction_rate 0.002
-------------------- 2024-12-25 08:12:21 --------------------
------------------------------------------------------------
-------------------- 2024-12-25 08:12:21 --------------------
Will run command python flash_detection/detection_main.py --dataset theia --mode train --dist_method GCond --dist_ratio 0.002 > exp_out/run_2DTC_train_theia_GCond_0.002_.txt
Successfull: python flash_detection/detection_main.py --dataset theia --mode train --dist_method GCond --dist_ratio 0.002
-------------------- 2024-12-25 08:12:26 --------------------
------------------------------------------------------------
-------------------- 2024-12-25 08:12:26 --------------------
Will run command python flash_detection/detection_main.py --dataset theia --mode test --dist_method GCond --dist_ratio 0.002 > exp_out/run_3DTC_test_theia_GCond_0.002_.txt
Successfull: python flash_detection/detection_main.py --dataset theia --mode test --dist_method GCond --dist_ratio 0.002
-------------------- 2024-12-25 08:13:16 --------------------
------------------------------------------------------------
------------------------------------------------------------
-------------------- 2024-12-25 08:13:16 --------------------
Will run command python flash_detection/distillation_main.py --method GCDM --dataset theia --reduction_rate 0.05 > exp_out/run_1GC_theia_GCDM_0.05_.txt
Successfull: python flash_detection/distillation_main.py --method GCDM --dataset theia --reduction_rate 0.05
-------------------- 2024-12-25 08:13:55 --------------------
------------------------------------------------------------
-------------------- 2024-12-25 08:13:55 --------------------
Will run command python flash_detection/detection_main.py --dataset theia --mode train --dist_method GCDM --dist_ratio 0.05 > exp_out/run_2DTC_train_theia_GCDM_0.05_.txt
Successfull: python flash_detection/detection_main.py --dataset theia --mode train --dist_method GCDM --dist_ratio 0.05
-------------------- 2024-12-25 08:13:59 --------------------
------------------------------------------------------------
-------------------- 2024-12-25 08:13:59 --------------------
Will run command python flash_detection/detection_main.py --dataset theia --mode test --dist_method GCDM --dist_ratio 0.05 > exp_out/run_3DTC_test_theia_GCDM_0.05_.txt
Successfull: python flash_detection/detection_main.py --dataset theia --mode test --dist_method GCDM --dist_ratio 0.05
-------------------- 2024-12-25 08:14:08 --------------------
------------------------------------------------------------
------------------------------------------------------------
-------------------- 2024-12-25 08:14:08 --------------------
Will run command python flash_detection/distillation_main.py --method GCDM --dataset theia --reduction_rate 0.03 > exp_out/run_1GC_theia_GCDM_0.03_.txt
Successfull: python flash_detection/distillation_main.py --method GCDM --dataset theia --reduction_rate 0.03
-------------------- 2024-12-25 08:14:28 --------------------
------------------------------------------------------------
-------------------- 2024-12-25 08:14:28 --------------------
Will run command python flash_detection/detection_main.py --dataset theia --mode train --dist_method GCDM --dist_ratio 0.03 > exp_out/run_2DTC_train_theia_GCDM_0.03_.txt
Successfull: python flash_detection/detection_main.py --dataset theia --mode train --dist_method GCDM --dist_ratio 0.03
-------------------- 2024-12-25 08:14:32 --------------------
------------------------------------------------------------
-------------------- 2024-12-25 08:14:32 --------------------
Will run command python flash_detection/detection_main.py --dataset theia --mode test --dist_method GCDM --dist_ratio 0.03 > exp_out/run_3DTC_test_theia_GCDM_0.03_.txt
Successfull: python flash_detection/detection_main.py --dataset theia --mode test --dist_method GCDM --dist_ratio 0.03
-------------------- 2024-12-25 08:14:41 --------------------
------------------------------------------------------------
------------------------------------------------------------
-------------------- 2024-12-25 08:14:41 --------------------
Will run command python flash_detection/distillation_main.py --method GCDM --dataset theia --reduction_rate 0.01 > exp_out/run_1GC_theia_GCDM_0.01_.txt
Successfull: python flash_detection/distillation_main.py --method GCDM --dataset theia --reduction_rate 0.01
-------------------- 2024-12-25 08:17:17 --------------------
------------------------------------------------------------
-------------------- 2024-12-25 08:17:17 --------------------
Will run command python flash_detection/detection_main.py --dataset theia --mode train --dist_method GCDM --dist_ratio 0.01 > exp_out/run_2DTC_train_theia_GCDM_0.01_.txt
Successfull: python flash_detection/detection_main.py --dataset theia --mode train --dist_method GCDM --dist_ratio 0.01
-------------------- 2024-12-25 08:17:33 --------------------
------------------------------------------------------------
-------------------- 2024-12-25 08:17:33 --------------------
Will run command python flash_detection/detection_main.py --dataset theia --mode test --dist_method GCDM --dist_ratio 0.01 > exp_out/run_3DTC_test_theia_GCDM_0.01_.txt
Successfull: python flash_detection/detection_main.py --dataset theia --mode test --dist_method GCDM --dist_ratio 0.01
-------------------- 2024-12-25 08:18:21 --------------------
------------------------------------------------------------
------------------------------------------------------------
-------------------- 2024-12-25 08:18:21 --------------------
Will run command python flash_detection/distillation_main.py --method GCDM --dataset theia --reduction_rate 0.008 > exp_out/run_1GC_theia_GCDM_0.008_.txt
Successfull: python flash_detection/distillation_main.py --method GCDM --dataset theia --reduction_rate 0.008
-------------------- 2024-12-25 08:20:49 --------------------
------------------------------------------------------------
-------------------- 2024-12-25 08:20:49 --------------------
Will run command python flash_detection/detection_main.py --dataset theia --mode train --dist_method GCDM --dist_ratio 0.008 > exp_out/run_2DTC_train_theia_GCDM_0.008_.txt
Successfull: python flash_detection/detection_main.py --dataset theia --mode train --dist_method GCDM --dist_ratio 0.008
-------------------- 2024-12-25 08:20:59 --------------------
------------------------------------------------------------
-------------------- 2024-12-25 08:20:59 --------------------
Will run command python flash_detection/detection_main.py --dataset theia --mode test --dist_method GCDM --dist_ratio 0.008 > exp_out/run_3DTC_test_theia_GCDM_0.008_.txt
Successfull: python flash_detection/detection_main.py --dataset theia --mode test --dist_method GCDM --dist_ratio 0.008
-------------------- 2024-12-25 08:21:48 --------------------
------------------------------------------------------------
------------------------------------------------------------
-------------------- 2024-12-25 08:21:48 --------------------
Will run command python flash_detection/distillation_main.py --method GCDM --dataset theia --reduction_rate 0.006 > exp_out/run_1GC_theia_GCDM_0.006_.txt
Successfull: python flash_detection/distillation_main.py --method GCDM --dataset theia --reduction_rate 0.006
-------------------- 2024-12-25 08:24:09 --------------------
------------------------------------------------------------
-------------------- 2024-12-25 08:24:09 --------------------
Will run command python flash_detection/detection_main.py --dataset theia --mode train --dist_method GCDM --dist_ratio 0.006 > exp_out/run_2DTC_train_theia_GCDM_0.006_.txt
Successfull: python flash_detection/detection_main.py --dataset theia --mode train --dist_method GCDM --dist_ratio 0.006
-------------------- 2024-12-25 08:24:15 --------------------
------------------------------------------------------------
-------------------- 2024-12-25 08:24:15 --------------------
Will run command python flash_detection/detection_main.py --dataset theia --mode test --dist_method GCDM --dist_ratio 0.006 > exp_out/run_3DTC_test_theia_GCDM_0.006_.txt
Successfull: python flash_detection/detection_main.py --dataset theia --mode test --dist_method GCDM --dist_ratio 0.006
-------------------- 2024-12-25 08:25:04 --------------------
------------------------------------------------------------
------------------------------------------------------------
-------------------- 2024-12-25 08:25:04 --------------------
Will run command python flash_detection/distillation_main.py --method GCDM --dataset theia --reduction_rate 0.004 > exp_out/run_1GC_theia_GCDM_0.004_.txt
Successfull: python flash_detection/distillation_main.py --method GCDM --dataset theia --reduction_rate 0.004
-------------------- 2024-12-25 08:27:20 --------------------
------------------------------------------------------------
-------------------- 2024-12-25 08:27:20 --------------------
Will run command python flash_detection/detection_main.py --dataset theia --mode train --dist_method GCDM --dist_ratio 0.004 > exp_out/run_2DTC_train_theia_GCDM_0.004_.txt
Successfull: python flash_detection/detection_main.py --dataset theia --mode train --dist_method GCDM --dist_ratio 0.004
-------------------- 2024-12-25 08:27:27 --------------------
------------------------------------------------------------
-------------------- 2024-12-25 08:27:27 --------------------
Will run command python flash_detection/detection_main.py --dataset theia --mode test --dist_method GCDM --dist_ratio 0.004 > exp_out/run_3DTC_test_theia_GCDM_0.004_.txt
Successfull: python flash_detection/detection_main.py --dataset theia --mode test --dist_method GCDM --dist_ratio 0.004
-------------------- 2024-12-25 08:28:16 --------------------
------------------------------------------------------------
------------------------------------------------------------
-------------------- 2024-12-25 08:28:16 --------------------
Will run command python flash_detection/distillation_main.py --method GCDM --dataset theia --reduction_rate 0.002 > exp_out/run_1GC_theia_GCDM_0.002_.txt
Successfull: python flash_detection/distillation_main.py --method GCDM --dataset theia --reduction_rate 0.002
-------------------- 2024-12-25 08:30:30 --------------------
------------------------------------------------------------
-------------------- 2024-12-25 08:30:30 --------------------
Will run command python flash_detection/detection_main.py --dataset theia --mode train --dist_method GCDM --dist_ratio 0.002 > exp_out/run_2DTC_train_theia_GCDM_0.002_.txt
Successfull: python flash_detection/detection_main.py --dataset theia --mode train --dist_method GCDM --dist_ratio 0.002
-------------------- 2024-12-25 08:30:36 --------------------
------------------------------------------------------------
-------------------- 2024-12-25 08:30:36 --------------------
Will run command python flash_detection/detection_main.py --dataset theia --mode test --dist_method GCDM --dist_ratio 0.002 > exp_out/run_3DTC_test_theia_GCDM_0.002_.txt
Successfull: python flash_detection/detection_main.py --dataset theia --mode test --dist_method GCDM --dist_ratio 0.002
-------------------- 2024-12-25 08:31:24 --------------------
------------------------------------------------------------
------------------------------------------------------------
-------------------- 2024-12-25 08:31:24 --------------------
Will run command python flash_detection/distillation_main.py --method herding --dataset theia --reduction_rate 0.05 > exp_out/run_1GC_theia_herding_0.05_.txt
Successfull: python flash_detection/distillation_main.py --method herding --dataset theia --reduction_rate 0.05
-------------------- 2024-12-25 08:36:06 --------------------
------------------------------------------------------------
-------------------- 2024-12-25 08:36:06 --------------------
Will run command python flash_detection/detection_main.py --dataset theia --mode train --dist_method herding --dist_ratio 0.05 > exp_out/run_2DTC_train_theia_herding_0.05_.txt
Successfull: python flash_detection/detection_main.py --dataset theia --mode train --dist_method herding --dist_ratio 0.05
-------------------- 2024-12-25 08:36:12 --------------------
------------------------------------------------------------
-------------------- 2024-12-25 08:36:12 --------------------
Will run command python flash_detection/detection_main.py --dataset theia --mode test --dist_method herding --dist_ratio 0.05 > exp_out/run_3DTC_test_theia_herding_0.05_.txt
Successfull: python flash_detection/detection_main.py --dataset theia --mode test --dist_method herding --dist_ratio 0.05
-------------------- 2024-12-25 08:37:01 --------------------
------------------------------------------------------------
------------------------------------------------------------
-------------------- 2024-12-25 08:37:01 --------------------
Will run command python flash_detection/distillation_main.py --method herding --dataset theia --reduction_rate 0.03 > exp_out/run_1GC_theia_herding_0.03_.txt
Successfull: python flash_detection/distillation_main.py --method herding --dataset theia --reduction_rate 0.03
-------------------- 2024-12-25 08:40:28 --------------------
------------------------------------------------------------
-------------------- 2024-12-25 08:40:28 --------------------
Will run command python flash_detection/detection_main.py --dataset theia --mode train --dist_method herding --dist_ratio 0.03 > exp_out/run_2DTC_train_theia_herding_0.03_.txt
Successfull: python flash_detection/detection_main.py --dataset theia --mode train --dist_method herding --dist_ratio 0.03
-------------------- 2024-12-25 08:40:34 --------------------
------------------------------------------------------------
-------------------- 2024-12-25 08:40:34 --------------------
Will run command python flash_detection/detection_main.py --dataset theia --mode test --dist_method herding --dist_ratio 0.03 > exp_out/run_3DTC_test_theia_herding_0.03_.txt
Successfull: python flash_detection/detection_main.py --dataset theia --mode test --dist_method herding --dist_ratio 0.03
-------------------- 2024-12-25 08:41:23 --------------------
------------------------------------------------------------
------------------------------------------------------------
-------------------- 2024-12-25 08:41:23 --------------------
Will run command python flash_detection/distillation_main.py --method herding --dataset theia --reduction_rate 0.01 > exp_out/run_1GC_theia_herding_0.01_.txt
Successfull: python flash_detection/distillation_main.py --method herding --dataset theia --reduction_rate 0.01
-------------------- 2024-12-25 08:43:36 --------------------
------------------------------------------------------------
-------------------- 2024-12-25 08:43:36 --------------------
Will run command python flash_detection/detection_main.py --dataset theia --mode train --dist_method herding --dist_ratio 0.01 > exp_out/run_2DTC_train_theia_herding_0.01_.txt
Successfull: python flash_detection/detection_main.py --dataset theia --mode train --dist_method herding --dist_ratio 0.01
-------------------- 2024-12-25 08:43:42 --------------------
------------------------------------------------------------
-------------------- 2024-12-25 08:43:42 --------------------
Will run command python flash_detection/detection_main.py --dataset theia --mode test --dist_method herding --dist_ratio 0.01 > exp_out/run_3DTC_test_theia_herding_0.01_.txt
Successfull: python flash_detection/detection_main.py --dataset theia --mode test --dist_method herding --dist_ratio 0.01
-------------------- 2024-12-25 08:44:31 --------------------
------------------------------------------------------------
------------------------------------------------------------
-------------------- 2024-12-25 08:44:31 --------------------
Will run command python flash_detection/distillation_main.py --method herding --dataset theia --reduction_rate 0.008 > exp_out/run_1GC_theia_herding_0.008_.txt
Successfull: python flash_detection/distillation_main.py --method herding --dataset theia --reduction_rate 0.008
-------------------- 2024-12-25 08:46:37 --------------------
------------------------------------------------------------
-------------------- 2024-12-25 08:46:37 --------------------
Will run command python flash_detection/detection_main.py --dataset theia --mode train --dist_method herding --dist_ratio 0.008 > exp_out/run_2DTC_train_theia_herding_0.008_.txt
Successfull: python flash_detection/detection_main.py --dataset theia --mode train --dist_method herding --dist_ratio 0.008
-------------------- 2024-12-25 08:46:42 --------------------
------------------------------------------------------------
-------------------- 2024-12-25 08:46:42 --------------------
Will run command python flash_detection/detection_main.py --dataset theia --mode test --dist_method herding --dist_ratio 0.008 > exp_out/run_3DTC_test_theia_herding_0.008_.txt
Successfull: python flash_detection/detection_main.py --dataset theia --mode test --dist_method herding --dist_ratio 0.008
-------------------- 2024-12-25 08:47:32 --------------------
------------------------------------------------------------
------------------------------------------------------------
-------------------- 2024-12-25 08:47:32 --------------------
Will run command python flash_detection/distillation_main.py --method herding --dataset theia --reduction_rate 0.006 > exp_out/run_1GC_theia_herding_0.006_.txt
Successfull: python flash_detection/distillation_main.py --method herding --dataset theia --reduction_rate 0.006
-------------------- 2024-12-25 08:49:30 --------------------
------------------------------------------------------------
-------------------- 2024-12-25 08:49:30 --------------------
Will run command python flash_detection/detection_main.py --dataset theia --mode train --dist_method herding --dist_ratio 0.006 > exp_out/run_2DTC_train_theia_herding_0.006_.txt
Successfull: python flash_detection/detection_main.py --dataset theia --mode train --dist_method herding --dist_ratio 0.006
-------------------- 2024-12-25 08:49:36 --------------------
------------------------------------------------------------
-------------------- 2024-12-25 08:49:36 --------------------
Will run command python flash_detection/detection_main.py --dataset theia --mode test --dist_method herding --dist_ratio 0.006 > exp_out/run_3DTC_test_theia_herding_0.006_.txt
Successfull: python flash_detection/detection_main.py --dataset theia --mode test --dist_method herding --dist_ratio 0.006
-------------------- 2024-12-25 08:50:25 --------------------
------------------------------------------------------------
------------------------------------------------------------
-------------------- 2024-12-25 08:50:25 --------------------
Will run command python flash_detection/distillation_main.py --method herding --dataset theia --reduction_rate 0.004 > exp_out/run_1GC_theia_herding_0.004_.txt
Successfull: python flash_detection/distillation_main.py --method herding --dataset theia --reduction_rate 0.004
-------------------- 2024-12-25 08:52:17 --------------------
------------------------------------------------------------
-------------------- 2024-12-25 08:52:17 --------------------
Will run command python flash_detection/detection_main.py --dataset theia --mode train --dist_method herding --dist_ratio 0.004 > exp_out/run_2DTC_train_theia_herding_0.004_.txt
Successfull: python flash_detection/detection_main.py --dataset theia --mode train --dist_method herding --dist_ratio 0.004
-------------------- 2024-12-25 08:52:22 --------------------
------------------------------------------------------------
-------------------- 2024-12-25 08:52:22 --------------------
Will run command python flash_detection/detection_main.py --dataset theia --mode test --dist_method herding --dist_ratio 0.004 > exp_out/run_3DTC_test_theia_herding_0.004_.txt
Successfull: python flash_detection/detection_main.py --dataset theia --mode test --dist_method herding --dist_ratio 0.004
-------------------- 2024-12-25 08:53:12 --------------------
------------------------------------------------------------
------------------------------------------------------------
-------------------- 2024-12-25 08:53:12 --------------------
Will run command python flash_detection/distillation_main.py --method herding --dataset theia --reduction_rate 0.002 > exp_out/run_1GC_theia_herding_0.002_.txt
Successfull: python flash_detection/distillation_main.py --method herding --dataset theia --reduction_rate 0.002
-------------------- 2024-12-25 08:54:55 --------------------
------------------------------------------------------------
-------------------- 2024-12-25 08:54:55 --------------------
Will run command python flash_detection/detection_main.py --dataset theia --mode train --dist_method herding --dist_ratio 0.002 > exp_out/run_2DTC_train_theia_herding_0.002_.txt
Successfull: python flash_detection/detection_main.py --dataset theia --mode train --dist_method herding --dist_ratio 0.002
-------------------- 2024-12-25 08:55:01 --------------------
------------------------------------------------------------
-------------------- 2024-12-25 08:55:01 --------------------
Will run command python flash_detection/detection_main.py --dataset theia --mode test --dist_method herding --dist_ratio 0.002 > exp_out/run_3DTC_test_theia_herding_0.002_.txt
Successfull: python flash_detection/detection_main.py --dataset theia --mode test --dist_method herding --dist_ratio 0.002
-------------------- 2024-12-25 08:55:50 --------------------
------------------------------------------------------------
------------------------------------------------------------
-------------------- 2024-12-25 08:55:50 --------------------
Will run command python flash_detection/distillation_main.py --method kcenter --dataset theia --reduction_rate 0.05 > exp_out/run_1GC_theia_kcenter_0.05_.txt
Successfull: python flash_detection/distillation_main.py --method kcenter --dataset theia --reduction_rate 0.05
-------------------- 2024-12-25 09:05:35 --------------------
------------------------------------------------------------
-------------------- 2024-12-25 09:05:35 --------------------
Will run command python flash_detection/detection_main.py --dataset theia --mode train --dist_method kcenter --dist_ratio 0.05 > exp_out/run_2DTC_train_theia_kcenter_0.05_.txt
Successfull: python flash_detection/detection_main.py --dataset theia --mode train --dist_method kcenter --dist_ratio 0.05
-------------------- 2024-12-25 09:05:40 --------------------
------------------------------------------------------------
-------------------- 2024-12-25 09:05:40 --------------------
Will run command python flash_detection/detection_main.py --dataset theia --mode test --dist_method kcenter --dist_ratio 0.05 > exp_out/run_3DTC_test_theia_kcenter_0.05_.txt
Successfull: python flash_detection/detection_main.py --dataset theia --mode test --dist_method kcenter --dist_ratio 0.05
-------------------- 2024-12-25 09:06:30 --------------------
------------------------------------------------------------
------------------------------------------------------------
-------------------- 2024-12-25 09:06:30 --------------------
Will run command python flash_detection/distillation_main.py --method kcenter --dataset theia --reduction_rate 0.03 > exp_out/run_1GC_theia_kcenter_0.03_.txt
Successfull: python flash_detection/distillation_main.py --method kcenter --dataset theia --reduction_rate 0.03
-------------------- 2024-12-25 09:11:03 --------------------
------------------------------------------------------------
-------------------- 2024-12-25 09:11:03 --------------------
Will run command python flash_detection/detection_main.py --dataset theia --mode train --dist_method kcenter --dist_ratio 0.03 > exp_out/run_2DTC_train_theia_kcenter_0.03_.txt
Successfull: python flash_detection/detection_main.py --dataset theia --mode train --dist_method kcenter --dist_ratio 0.03
-------------------- 2024-12-25 09:11:09 --------------------
------------------------------------------------------------
-------------------- 2024-12-25 09:11:09 --------------------
Will run command python flash_detection/detection_main.py --dataset theia --mode test --dist_method kcenter --dist_ratio 0.03 > exp_out/run_3DTC_test_theia_kcenter_0.03_.txt
Successfull: python flash_detection/detection_main.py --dataset theia --mode test --dist_method kcenter --dist_ratio 0.03
-------------------- 2024-12-25 09:11:57 --------------------
------------------------------------------------------------
------------------------------------------------------------
-------------------- 2024-12-25 09:11:57 --------------------
Will run command python flash_detection/distillation_main.py --method kcenter --dataset theia --reduction_rate 0.01 > exp_out/run_1GC_theia_kcenter_0.01_.txt
Successfull: python flash_detection/distillation_main.py --method kcenter --dataset theia --reduction_rate 0.01
-------------------- 2024-12-25 09:13:53 --------------------
------------------------------------------------------------
-------------------- 2024-12-25 09:13:53 --------------------
Will run command python flash_detection/detection_main.py --dataset theia --mode train --dist_method kcenter --dist_ratio 0.01 > exp_out/run_2DTC_train_theia_kcenter_0.01_.txt
Successfull: python flash_detection/detection_main.py --dataset theia --mode train --dist_method kcenter --dist_ratio 0.01
-------------------- 2024-12-25 09:13:59 --------------------
------------------------------------------------------------
-------------------- 2024-12-25 09:13:59 --------------------
Will run command python flash_detection/detection_main.py --dataset theia --mode test --dist_method kcenter --dist_ratio 0.01 > exp_out/run_3DTC_test_theia_kcenter_0.01_.txt
Successfull: python flash_detection/detection_main.py --dataset theia --mode test --dist_method kcenter --dist_ratio 0.01
-------------------- 2024-12-25 09:14:48 --------------------
------------------------------------------------------------
------------------------------------------------------------
-------------------- 2024-12-25 09:14:48 --------------------
Will run command python flash_detection/distillation_main.py --method kcenter --dataset theia --reduction_rate 0.008 > exp_out/run_1GC_theia_kcenter_0.008_.txt
Successfull: python flash_detection/distillation_main.py --method kcenter --dataset theia --reduction_rate 0.008
-------------------- 2024-12-25 09:16:38 --------------------
------------------------------------------------------------
-------------------- 2024-12-25 09:16:38 --------------------
Will run command python flash_detection/detection_main.py --dataset theia --mode train --dist_method kcenter --dist_ratio 0.008 > exp_out/run_2DTC_train_theia_kcenter_0.008_.txt
Successfull: python flash_detection/detection_main.py --dataset theia --mode train --dist_method kcenter --dist_ratio 0.008
-------------------- 2024-12-25 09:16:43 --------------------
------------------------------------------------------------
-------------------- 2024-12-25 09:16:43 --------------------
Will run command python flash_detection/detection_main.py --dataset theia --mode test --dist_method kcenter --dist_ratio 0.008 > exp_out/run_3DTC_test_theia_kcenter_0.008_.txt
Successfull: python flash_detection/detection_main.py --dataset theia --mode test --dist_method kcenter --dist_ratio 0.008
-------------------- 2024-12-25 09:17:33 --------------------
------------------------------------------------------------
------------------------------------------------------------
-------------------- 2024-12-25 09:17:33 --------------------
Will run command python flash_detection/distillation_main.py --method kcenter --dataset theia --reduction_rate 0.006 > exp_out/run_1GC_theia_kcenter_0.006_.txt
Successfull: python flash_detection/distillation_main.py --method kcenter --dataset theia --reduction_rate 0.006
-------------------- 2024-12-25 09:19:17 --------------------
------------------------------------------------------------
-------------------- 2024-12-25 09:19:17 --------------------
Will run command python flash_detection/detection_main.py --dataset theia --mode train --dist_method kcenter --dist_ratio 0.006 > exp_out/run_2DTC_train_theia_kcenter_0.006_.txt
Successfull: python flash_detection/detection_main.py --dataset theia --mode train --dist_method kcenter --dist_ratio 0.006
-------------------- 2024-12-25 09:19:22 --------------------
------------------------------------------------------------
-------------------- 2024-12-25 09:19:22 --------------------
Will run command python flash_detection/detection_main.py --dataset theia --mode test --dist_method kcenter --dist_ratio 0.006 > exp_out/run_3DTC_test_theia_kcenter_0.006_.txt
Successfull: python flash_detection/detection_main.py --dataset theia --mode test --dist_method kcenter --dist_ratio 0.006
-------------------- 2024-12-25 09:20:12 --------------------
------------------------------------------------------------
------------------------------------------------------------
-------------------- 2024-12-25 09:20:12 --------------------
Will run command python flash_detection/distillation_main.py --method kcenter --dataset theia --reduction_rate 0.004 > exp_out/run_1GC_theia_kcenter_0.004_.txt
Successfull: python flash_detection/distillation_main.py --method kcenter --dataset theia --reduction_rate 0.004
-------------------- 2024-12-25 09:21:51 --------------------
------------------------------------------------------------
-------------------- 2024-12-25 09:21:51 --------------------
Will run command python flash_detection/detection_main.py --dataset theia --mode train --dist_method kcenter --dist_ratio 0.004 > exp_out/run_2DTC_train_theia_kcenter_0.004_.txt
Successfull: python flash_detection/detection_main.py --dataset theia --mode train --dist_method kcenter --dist_ratio 0.004
-------------------- 2024-12-25 09:21:57 --------------------
------------------------------------------------------------
-------------------- 2024-12-25 09:21:57 --------------------
Will run command python flash_detection/detection_main.py --dataset theia --mode test --dist_method kcenter --dist_ratio 0.004 > exp_out/run_3DTC_test_theia_kcenter_0.004_.txt
Successfull: python flash_detection/detection_main.py --dataset theia --mode test --dist_method kcenter --dist_ratio 0.004
-------------------- 2024-12-25 09:22:46 --------------------
------------------------------------------------------------
------------------------------------------------------------
-------------------- 2024-12-25 09:22:46 --------------------
Will run command python flash_detection/distillation_main.py --method kcenter --dataset theia --reduction_rate 0.002 > exp_out/run_1GC_theia_kcenter_0.002_.txt
Successfull: python flash_detection/distillation_main.py --method kcenter --dataset theia --reduction_rate 0.002
-------------------- 2024-12-25 09:24:23 --------------------
------------------------------------------------------------
-------------------- 2024-12-25 09:24:23 --------------------
Will run command python flash_detection/detection_main.py --dataset theia --mode train --dist_method kcenter --dist_ratio 0.002 > exp_out/run_2DTC_train_theia_kcenter_0.002_.txt
Successfull: python flash_detection/detection_main.py --dataset theia --mode train --dist_method kcenter --dist_ratio 0.002
-------------------- 2024-12-25 09:24:28 --------------------
------------------------------------------------------------
-------------------- 2024-12-25 09:24:28 --------------------
Will run command python flash_detection/detection_main.py --dataset theia --mode test --dist_method kcenter --dist_ratio 0.002 > exp_out/run_3DTC_test_theia_kcenter_0.002_.txt
Successfull: python flash_detection/detection_main.py --dataset theia --mode test --dist_method kcenter --dist_ratio 0.002
-------------------- 2024-12-25 09:25:17 --------------------
------------------------------------------------------------
------------------------------------------------------------
-------------------- 2024-12-25 09:25:17 --------------------
Will run command python flash_detection/distillation_main.py --method random --dataset theia --reduction_rate 0.05 > exp_out/run_1GC_theia_random_0.05_.txt
Successfull: python flash_detection/distillation_main.py --method random --dataset theia --reduction_rate 0.05
-------------------- 2024-12-25 09:26:53 --------------------
------------------------------------------------------------
-------------------- 2024-12-25 09:26:53 --------------------
Will run command python flash_detection/detection_main.py --dataset theia --mode train --dist_method random --dist_ratio 0.05 > exp_out/run_2DTC_train_theia_random_0.05_.txt
Successfull: python flash_detection/detection_main.py --dataset theia --mode train --dist_method random --dist_ratio 0.05
-------------------- 2024-12-25 09:26:59 --------------------
------------------------------------------------------------
-------------------- 2024-12-25 09:26:59 --------------------
Will run command python flash_detection/detection_main.py --dataset theia --mode test --dist_method random --dist_ratio 0.05 > exp_out/run_3DTC_test_theia_random_0.05_.txt
Successfull: python flash_detection/detection_main.py --dataset theia --mode test --dist_method random --dist_ratio 0.05
-------------------- 2024-12-25 09:27:47 --------------------
------------------------------------------------------------
------------------------------------------------------------
-------------------- 2024-12-25 09:27:47 --------------------
Will run command python flash_detection/distillation_main.py --method random --dataset theia --reduction_rate 0.03 > exp_out/run_1GC_theia_random_0.03_.txt
Successfull: python flash_detection/distillation_main.py --method random --dataset theia --reduction_rate 0.03
-------------------- 2024-12-25 09:29:24 --------------------
------------------------------------------------------------
-------------------- 2024-12-25 09:29:24 --------------------
Will run command python flash_detection/detection_main.py --dataset theia --mode train --dist_method random --dist_ratio 0.03 > exp_out/run_2DTC_train_theia_random_0.03_.txt
Successfull: python flash_detection/detection_main.py --dataset theia --mode train --dist_method random --dist_ratio 0.03
-------------------- 2024-12-25 09:29:29 --------------------
------------------------------------------------------------
-------------------- 2024-12-25 09:29:29 --------------------
Will run command python flash_detection/detection_main.py --dataset theia --mode test --dist_method random --dist_ratio 0.03 > exp_out/run_3DTC_test_theia_random_0.03_.txt
Successfull: python flash_detection/detection_main.py --dataset theia --mode test --dist_method random --dist_ratio 0.03
-------------------- 2024-12-25 09:30:18 --------------------
------------------------------------------------------------
------------------------------------------------------------
-------------------- 2024-12-25 09:30:18 --------------------
Will run command python flash_detection/distillation_main.py --method random --dataset theia --reduction_rate 0.01 > exp_out/run_1GC_theia_random_0.01_.txt
Successfull: python flash_detection/distillation_main.py --method random --dataset theia --reduction_rate 0.01
-------------------- 2024-12-25 09:31:55 --------------------
------------------------------------------------------------
-------------------- 2024-12-25 09:31:55 --------------------
Will run command python flash_detection/detection_main.py --dataset theia --mode train --dist_method random --dist_ratio 0.01 > exp_out/run_2DTC_train_theia_random_0.01_.txt
Successfull: python flash_detection/detection_main.py --dataset theia --mode train --dist_method random --dist_ratio 0.01
-------------------- 2024-12-25 09:32:00 --------------------
------------------------------------------------------------
-------------------- 2024-12-25 09:32:00 --------------------
Will run command python flash_detection/detection_main.py --dataset theia --mode test --dist_method random --dist_ratio 0.01 > exp_out/run_3DTC_test_theia_random_0.01_.txt
Successfull: python flash_detection/detection_main.py --dataset theia --mode test --dist_method random --dist_ratio 0.01
-------------------- 2024-12-25 09:32:49 --------------------
------------------------------------------------------------
------------------------------------------------------------
-------------------- 2024-12-25 09:32:49 --------------------
Will run command python flash_detection/distillation_main.py --method random --dataset theia --reduction_rate 0.008 > exp_out/run_1GC_theia_random_0.008_.txt
Successfull: python flash_detection/distillation_main.py --method random --dataset theia --reduction_rate 0.008
-------------------- 2024-12-25 09:34:25 --------------------
------------------------------------------------------------
-------------------- 2024-12-25 09:34:25 --------------------
Will run command python flash_detection/detection_main.py --dataset theia --mode train --dist_method random --dist_ratio 0.008 > exp_out/run_2DTC_train_theia_random_0.008_.txt
Successfull: python flash_detection/detection_main.py --dataset theia --mode train --dist_method random --dist_ratio 0.008
-------------------- 2024-12-25 09:34:31 --------------------
------------------------------------------------------------
-------------------- 2024-12-25 09:34:31 --------------------
Will run command python flash_detection/detection_main.py --dataset theia --mode test --dist_method random --dist_ratio 0.008 > exp_out/run_3DTC_test_theia_random_0.008_.txt
Successfull: python flash_detection/detection_main.py --dataset theia --mode test --dist_method random --dist_ratio 0.008
-------------------- 2024-12-25 09:35:19 --------------------
------------------------------------------------------------
------------------------------------------------------------
-------------------- 2024-12-25 09:35:19 --------------------
Will run command python flash_detection/distillation_main.py --method random --dataset theia --reduction_rate 0.006 > exp_out/run_1GC_theia_random_0.006_.txt
Successfull: python flash_detection/distillation_main.py --method random --dataset theia --reduction_rate 0.006
-------------------- 2024-12-25 09:36:55 --------------------
------------------------------------------------------------
-------------------- 2024-12-25 09:36:55 --------------------
Will run command python flash_detection/detection_main.py --dataset theia --mode train --dist_method random --dist_ratio 0.006 > exp_out/run_2DTC_train_theia_random_0.006_.txt
Successfull: python flash_detection/detection_main.py --dataset theia --mode train --dist_method random --dist_ratio 0.006
-------------------- 2024-12-25 09:37:01 --------------------
------------------------------------------------------------
-------------------- 2024-12-25 09:37:01 --------------------
Will run command python flash_detection/detection_main.py --dataset theia --mode test --dist_method random --dist_ratio 0.006 > exp_out/run_3DTC_test_theia_random_0.006_.txt
Successfull: python flash_detection/detection_main.py --dataset theia --mode test --dist_method random --dist_ratio 0.006
-------------------- 2024-12-25 09:37:50 --------------------
------------------------------------------------------------
------------------------------------------------------------
-------------------- 2024-12-25 09:37:50 --------------------
Will run command python flash_detection/distillation_main.py --method random --dataset theia --reduction_rate 0.004 > exp_out/run_1GC_theia_random_0.004_.txt
Successfull: python flash_detection/distillation_main.py --method random --dataset theia --reduction_rate 0.004
-------------------- 2024-12-25 09:39:26 --------------------
------------------------------------------------------------
-------------------- 2024-12-25 09:39:26 --------------------
Will run command python flash_detection/detection_main.py --dataset theia --mode train --dist_method random --dist_ratio 0.004 > exp_out/run_2DTC_train_theia_random_0.004_.txt
Successfull: python flash_detection/detection_main.py --dataset theia --mode train --dist_method random --dist_ratio 0.004
-------------------- 2024-12-25 09:39:32 --------------------
------------------------------------------------------------
-------------------- 2024-12-25 09:39:32 --------------------
Will run command python flash_detection/detection_main.py --dataset theia --mode test --dist_method random --dist_ratio 0.004 > exp_out/run_3DTC_test_theia_random_0.004_.txt
Successfull: python flash_detection/detection_main.py --dataset theia --mode test --dist_method random --dist_ratio 0.004
-------------------- 2024-12-25 09:40:21 --------------------
------------------------------------------------------------
------------------------------------------------------------
-------------------- 2024-12-25 09:40:21 --------------------
Will run command python flash_detection/distillation_main.py --method random --dataset theia --reduction_rate 0.002 > exp_out/run_1GC_theia_random_0.002_.txt
Successfull: python flash_detection/distillation_main.py --method random --dataset theia --reduction_rate 0.002
-------------------- 2024-12-25 09:41:57 --------------------
------------------------------------------------------------
-------------------- 2024-12-25 09:41:57 --------------------
Will run command python flash_detection/detection_main.py --dataset theia --mode train --dist_method random --dist_ratio 0.002 > exp_out/run_2DTC_train_theia_random_0.002_.txt
Successfull: python flash_detection/detection_main.py --dataset theia --mode train --dist_method random --dist_ratio 0.002
-------------------- 2024-12-25 09:42:02 --------------------
------------------------------------------------------------
-------------------- 2024-12-25 09:42:02 --------------------
Will run command python flash_detection/detection_main.py --dataset theia --mode test --dist_method random --dist_ratio 0.002 > exp_out/run_3DTC_test_theia_random_0.002_.txt
Successfull: python flash_detection/detection_main.py --dataset theia --mode test --dist_method random --dist_ratio 0.002
-------------------- 2024-12-25 09:42:51 --------------------
------------------------------------------------------------
------------------------------------------------------------
-------------------- 2024-12-25 09:42:51 --------------------
Will run command python flash_detection/distillation_main.py --method SGDD --dataset cadets --reduction_rate 0.05 > exp_out/run_1GC_cadets_SGDD_0.05_.txt
Successfull: python flash_detection/distillation_main.py --method SGDD --dataset cadets --reduction_rate 0.05
-------------------- 2024-12-25 09:43:50 --------------------
------------------------------------------------------------
-------------------- 2024-12-25 09:43:50 --------------------
Will run command python flash_detection/detection_main.py --dataset cadets --mode train --dist_method SGDD --dist_ratio 0.05 > exp_out/run_2DTC_train_cadets_SGDD_0.05_.txt
Successfull: python flash_detection/detection_main.py --dataset cadets --mode train --dist_method SGDD --dist_ratio 0.05
-------------------- 2024-12-25 09:43:55 --------------------
------------------------------------------------------------
-------------------- 2024-12-25 09:43:55 --------------------
Will run command python flash_detection/detection_main.py --dataset cadets --mode test --dist_method SGDD --dist_ratio 0.05 > exp_out/run_3DTC_test_cadets_SGDD_0.05_.txt
Successfull: python flash_detection/detection_main.py --dataset cadets --mode test --dist_method SGDD --dist_ratio 0.05
-------------------- 2024-12-25 09:44:01 --------------------
------------------------------------------------------------
------------------------------------------------------------
-------------------- 2024-12-25 09:44:01 --------------------
Will run command python flash_detection/distillation_main.py --method SGDD --dataset cadets --reduction_rate 0.03 > exp_out/run_1GC_cadets_SGDD_0.03_.txt
Successfull: python flash_detection/distillation_main.py --method SGDD --dataset cadets --reduction_rate 0.03
-------------------- 2024-12-25 09:44:27 --------------------
------------------------------------------------------------
-------------------- 2024-12-25 09:44:27 --------------------
Will run command python flash_detection/detection_main.py --dataset cadets --mode train --dist_method SGDD --dist_ratio 0.03 > exp_out/run_2DTC_train_cadets_SGDD_0.03_.txt
Successfull: python flash_detection/detection_main.py --dataset cadets --mode train --dist_method SGDD --dist_ratio 0.03
-------------------- 2024-12-25 09:44:31 --------------------
------------------------------------------------------------
-------------------- 2024-12-25 09:44:31 --------------------
Will run command python flash_detection/detection_main.py --dataset cadets --mode test --dist_method SGDD --dist_ratio 0.03 > exp_out/run_3DTC_test_cadets_SGDD_0.03_.txt
Successfull: python flash_detection/detection_main.py --dataset cadets --mode test --dist_method SGDD --dist_ratio 0.03
-------------------- 2024-12-25 09:44:37 --------------------
------------------------------------------------------------
------------------------------------------------------------
-------------------- 2024-12-25 09:44:37 --------------------
Will run command python flash_detection/distillation_main.py --method SGDD --dataset cadets --reduction_rate 0.01 > exp_out/run_1GC_cadets_SGDD_0.01_.txt
Successfull: python flash_detection/distillation_main.py --method SGDD --dataset cadets --reduction_rate 0.01
-------------------- 2024-12-25 09:44:46 --------------------
------------------------------------------------------------
-------------------- 2024-12-25 09:44:46 --------------------
Will run command python flash_detection/detection_main.py --dataset cadets --mode train --dist_method SGDD --dist_ratio 0.01 > exp_out/run_2DTC_train_cadets_SGDD_0.01_.txt
Successfull: python flash_detection/detection_main.py --dataset cadets --mode train --dist_method SGDD --dist_ratio 0.01
-------------------- 2024-12-25 09:44:51 --------------------
------------------------------------------------------------
-------------------- 2024-12-25 09:44:51 --------------------
Will run command python flash_detection/detection_main.py --dataset cadets --mode test --dist_method SGDD --dist_ratio 0.01 > exp_out/run_3DTC_test_cadets_SGDD_0.01_.txt
Successfull: python flash_detection/detection_main.py --dataset cadets --mode test --dist_method SGDD --dist_ratio 0.01
-------------------- 2024-12-25 09:44:56 --------------------
------------------------------------------------------------
------------------------------------------------------------
-------------------- 2024-12-25 09:44:56 --------------------
Will run command python flash_detection/distillation_main.py --method SGDD --dataset cadets --reduction_rate 0.008 > exp_out/run_1GC_cadets_SGDD_0.008_.txt
Successfull: python flash_detection/distillation_main.py --method SGDD --dataset cadets --reduction_rate 0.008
-------------------- 2024-12-25 09:45:05 --------------------
------------------------------------------------------------
-------------------- 2024-12-25 09:45:05 --------------------
Will run command python flash_detection/detection_main.py --dataset cadets --mode train --dist_method SGDD --dist_ratio 0.008 > exp_out/run_2DTC_train_cadets_SGDD_0.008_.txt
Successfull: python flash_detection/detection_main.py --dataset cadets --mode train --dist_method SGDD --dist_ratio 0.008
-------------------- 2024-12-25 09:45:09 --------------------
------------------------------------------------------------
-------------------- 2024-12-25 09:45:09 --------------------
Will run command python flash_detection/detection_main.py --dataset cadets --mode test --dist_method SGDD --dist_ratio 0.008 > exp_out/run_3DTC_test_cadets_SGDD_0.008_.txt
Successfull: python flash_detection/detection_main.py --dataset cadets --mode test --dist_method SGDD --dist_ratio 0.008
-------------------- 2024-12-25 09:45:15 --------------------
------------------------------------------------------------
------------------------------------------------------------
-------------------- 2024-12-25 09:45:15 --------------------
Will run command python flash_detection/distillation_main.py --method SGDD --dataset cadets --reduction_rate 0.006 > exp_out/run_1GC_cadets_SGDD_0.006_.txt
Successfull: python flash_detection/distillation_main.py --method SGDD --dataset cadets --reduction_rate 0.006
-------------------- 2024-12-25 10:06:58 --------------------
------------------------------------------------------------
-------------------- 2024-12-25 10:06:58 --------------------
Will run command python flash_detection/detection_main.py --dataset cadets --mode train --dist_method SGDD --dist_ratio 0.006 > exp_out/run_2DTC_train_cadets_SGDD_0.006_.txt
Successfull: python flash_detection/detection_main.py --dataset cadets --mode train --dist_method SGDD --dist_ratio 0.006
-------------------- 2024-12-25 10:07:07 --------------------
------------------------------------------------------------
-------------------- 2024-12-25 10:07:07 --------------------
Will run command python flash_detection/detection_main.py --dataset cadets --mode test --dist_method SGDD --dist_ratio 0.006 > exp_out/run_3DTC_test_cadets_SGDD_0.006_.txt
Successfull: python flash_detection/detection_main.py --dataset cadets --mode test --dist_method SGDD --dist_ratio 0.006
-------------------- 2024-12-25 10:07:28 --------------------
------------------------------------------------------------
------------------------------------------------------------
-------------------- 2024-12-25 10:07:28 --------------------
Will run command python flash_detection/distillation_main.py --method SGDD --dataset cadets --reduction_rate 0.004 > exp_out/run_1GC_cadets_SGDD_0.004_.txt
Successfull: python flash_detection/distillation_main.py --method SGDD --dataset cadets --reduction_rate 0.004
-------------------- 2024-12-25 10:16:48 --------------------
------------------------------------------------------------
-------------------- 2024-12-25 10:16:48 --------------------
Will run command python flash_detection/detection_main.py --dataset cadets --mode train --dist_method SGDD --dist_ratio 0.004 > exp_out/run_2DTC_train_cadets_SGDD_0.004_.txt
Successfull: python flash_detection/detection_main.py --dataset cadets --mode train --dist_method SGDD --dist_ratio 0.004
-------------------- 2024-12-25 10:16:54 --------------------
------------------------------------------------------------
-------------------- 2024-12-25 10:16:54 --------------------
Will run command python flash_detection/detection_main.py --dataset cadets --mode test --dist_method SGDD --dist_ratio 0.004 > exp_out/run_3DTC_test_cadets_SGDD_0.004_.txt
Successfull: python flash_detection/detection_main.py --dataset cadets --mode test --dist_method SGDD --dist_ratio 0.004
-------------------- 2024-12-25 10:17:15 --------------------
------------------------------------------------------------
------------------------------------------------------------
-------------------- 2024-12-25 10:17:15 --------------------
Will run command python flash_detection/distillation_main.py --method SGDD --dataset cadets --reduction_rate 0.002 > exp_out/run_1GC_cadets_SGDD_0.002_.txt
Successfull: python flash_detection/distillation_main.py --method SGDD --dataset cadets --reduction_rate 0.002
-------------------- 2024-12-25 10:20:19 --------------------
------------------------------------------------------------
-------------------- 2024-12-25 10:20:19 --------------------
Will run command python flash_detection/detection_main.py --dataset cadets --mode train --dist_method SGDD --dist_ratio 0.002 > exp_out/run_2DTC_train_cadets_SGDD_0.002_.txt
Successfull: python flash_detection/detection_main.py --dataset cadets --mode train --dist_method SGDD --dist_ratio 0.002
-------------------- 2024-12-25 10:20:25 --------------------
------------------------------------------------------------
-------------------- 2024-12-25 10:20:25 --------------------
Will run command python flash_detection/detection_main.py --dataset cadets --mode test --dist_method SGDD --dist_ratio 0.002 > exp_out/run_3DTC_test_cadets_SGDD_0.002_.txt
Successfull: python flash_detection/detection_main.py --dataset cadets --mode test --dist_method SGDD --dist_ratio 0.002
-------------------- 2024-12-25 10:20:46 --------------------
------------------------------------------------------------
------------------------------------------------------------
-------------------- 2024-12-25 10:20:46 --------------------
Will run command python flash_detection/distillation_main.py --method GCond --dataset cadets --reduction_rate 0.05 > exp_out/run_1GC_cadets_GCond_0.05_.txt
Successfull: python flash_detection/distillation_main.py --method GCond --dataset cadets --reduction_rate 0.05
-------------------- 2024-12-25 10:21:41 --------------------
------------------------------------------------------------
-------------------- 2024-12-25 10:21:41 --------------------
Will run command python flash_detection/detection_main.py --dataset cadets --mode train --dist_method GCond --dist_ratio 0.05 > exp_out/run_2DTC_train_cadets_GCond_0.05_.txt
Successfull: python flash_detection/detection_main.py --dataset cadets --mode train --dist_method GCond --dist_ratio 0.05
-------------------- 2024-12-25 10:21:45 --------------------
------------------------------------------------------------
-------------------- 2024-12-25 10:21:45 --------------------
Will run command python flash_detection/detection_main.py --dataset cadets --mode test --dist_method GCond --dist_ratio 0.05 > exp_out/run_3DTC_test_cadets_GCond_0.05_.txt
Successfull: python flash_detection/detection_main.py --dataset cadets --mode test --dist_method GCond --dist_ratio 0.05
-------------------- 2024-12-25 10:21:51 --------------------
------------------------------------------------------------
------------------------------------------------------------
-------------------- 2024-12-25 10:21:51 --------------------
Will run command python flash_detection/distillation_main.py --method GCond --dataset cadets --reduction_rate 0.03 > exp_out/run_1GC_cadets_GCond_0.03_.txt
Successfull: python flash_detection/distillation_main.py --method GCond --dataset cadets --reduction_rate 0.03
-------------------- 2024-12-25 10:22:15 --------------------
------------------------------------------------------------
-------------------- 2024-12-25 10:22:15 --------------------
Will run command python flash_detection/detection_main.py --dataset cadets --mode train --dist_method GCond --dist_ratio 0.03 > exp_out/run_2DTC_train_cadets_GCond_0.03_.txt
Successfull: python flash_detection/detection_main.py --dataset cadets --mode train --dist_method GCond --dist_ratio 0.03
-------------------- 2024-12-25 10:22:20 --------------------
------------------------------------------------------------
-------------------- 2024-12-25 10:22:20 --------------------
Will run command python flash_detection/detection_main.py --dataset cadets --mode test --dist_method GCond --dist_ratio 0.03 > exp_out/run_3DTC_test_cadets_GCond_0.03_.txt
Successfull: python flash_detection/detection_main.py --dataset cadets --mode test --dist_method GCond --dist_ratio 0.03
-------------------- 2024-12-25 10:22:25 --------------------
------------------------------------------------------------
------------------------------------------------------------
-------------------- 2024-12-25 10:22:25 --------------------
Will run command python flash_detection/distillation_main.py --method GCond --dataset cadets --reduction_rate 0.01 > exp_out/run_1GC_cadets_GCond_0.01_.txt
Successfull: python flash_detection/distillation_main.py --method GCond --dataset cadets --reduction_rate 0.01
-------------------- 2024-12-25 10:22:36 --------------------
------------------------------------------------------------
-------------------- 2024-12-25 10:22:36 --------------------
Will run command python flash_detection/detection_main.py --dataset cadets --mode train --dist_method GCond --dist_ratio 0.01 > exp_out/run_2DTC_train_cadets_GCond_0.01_.txt
Successfull: python flash_detection/detection_main.py --dataset cadets --mode train --dist_method GCond --dist_ratio 0.01
-------------------- 2024-12-25 10:22:40 --------------------
------------------------------------------------------------
-------------------- 2024-12-25 10:22:40 --------------------
Will run command python flash_detection/detection_main.py --dataset cadets --mode test --dist_method GCond --dist_ratio 0.01 > exp_out/run_3DTC_test_cadets_GCond_0.01_.txt
Successfull: python flash_detection/detection_main.py --dataset cadets --mode test --dist_method GCond --dist_ratio 0.01
-------------------- 2024-12-25 10:22:46 --------------------
------------------------------------------------------------
------------------------------------------------------------
-------------------- 2024-12-25 10:22:46 --------------------
Will run command python flash_detection/distillation_main.py --method GCond --dataset cadets --reduction_rate 0.008 > exp_out/run_1GC_cadets_GCond_0.008_.txt
Successfull: python flash_detection/distillation_main.py --method GCond --dataset cadets --reduction_rate 0.008
-------------------- 2024-12-25 10:32:39 --------------------
------------------------------------------------------------
-------------------- 2024-12-25 10:32:39 --------------------
Will run command python flash_detection/detection_main.py --dataset cadets --mode train --dist_method GCond --dist_ratio 0.008 > exp_out/run_2DTC_train_cadets_GCond_0.008_.txt
Successfull: python flash_detection/detection_main.py --dataset cadets --mode train --dist_method GCond --dist_ratio 0.008
-------------------- 2024-12-25 10:32:52 --------------------
------------------------------------------------------------
-------------------- 2024-12-25 10:32:52 --------------------
Will run command python flash_detection/detection_main.py --dataset cadets --mode test --dist_method GCond --dist_ratio 0.008 > exp_out/run_3DTC_test_cadets_GCond_0.008_.txt
Successfull: python flash_detection/detection_main.py --dataset cadets --mode test --dist_method GCond --dist_ratio 0.008
-------------------- 2024-12-25 10:33:13 --------------------
------------------------------------------------------------
------------------------------------------------------------
-------------------- 2024-12-25 10:33:13 --------------------
Will run command python flash_detection/distillation_main.py --method GCond --dataset cadets --reduction_rate 0.006 > exp_out/run_1GC_cadets_GCond_0.006_.txt
Successfull: python flash_detection/distillation_main.py --method GCond --dataset cadets --reduction_rate 0.006
-------------------- 2024-12-25 10:39:13 --------------------
------------------------------------------------------------
-------------------- 2024-12-25 10:39:13 --------------------
Will run command python flash_detection/detection_main.py --dataset cadets --mode train --dist_method GCond --dist_ratio 0.006 > exp_out/run_2DTC_train_cadets_GCond_0.006_.txt
Successfull: python flash_detection/detection_main.py --dataset cadets --mode train --dist_method GCond --dist_ratio 0.006
-------------------- 2024-12-25 10:39:20 --------------------
------------------------------------------------------------
-------------------- 2024-12-25 10:39:20 --------------------
Will run command python flash_detection/detection_main.py --dataset cadets --mode test --dist_method GCond --dist_ratio 0.006 > exp_out/run_3DTC_test_cadets_GCond_0.006_.txt
Successfull: python flash_detection/detection_main.py --dataset cadets --mode test --dist_method GCond --dist_ratio 0.006
-------------------- 2024-12-25 10:39:41 --------------------
------------------------------------------------------------
------------------------------------------------------------
-------------------- 2024-12-25 10:39:41 --------------------
Will run command python flash_detection/distillation_main.py --method GCond --dataset cadets --reduction_rate 0.004 > exp_out/run_1GC_cadets_GCond_0.004_.txt
Successfull: python flash_detection/distillation_main.py --method GCond --dataset cadets --reduction_rate 0.004
-------------------- 2024-12-25 10:42:56 --------------------
------------------------------------------------------------
-------------------- 2024-12-25 10:42:56 --------------------
Will run command python flash_detection/detection_main.py --dataset cadets --mode train --dist_method GCond --dist_ratio 0.004 > exp_out/run_2DTC_train_cadets_GCond_0.004_.txt
Successfull: python flash_detection/detection_main.py --dataset cadets --mode train --dist_method GCond --dist_ratio 0.004
-------------------- 2024-12-25 10:43:02 --------------------
------------------------------------------------------------
-------------------- 2024-12-25 10:43:02 --------------------
Will run command python flash_detection/detection_main.py --dataset cadets --mode test --dist_method GCond --dist_ratio 0.004 > exp_out/run_3DTC_test_cadets_GCond_0.004_.txt
Successfull: python flash_detection/detection_main.py --dataset cadets --mode test --dist_method GCond --dist_ratio 0.004
-------------------- 2024-12-25 10:43:23 --------------------
------------------------------------------------------------
------------------------------------------------------------
-------------------- 2024-12-25 10:43:23 --------------------
Will run command python flash_detection/distillation_main.py --method GCond --dataset cadets --reduction_rate 0.002 > exp_out/run_1GC_cadets_GCond_0.002_.txt
Successfull: python flash_detection/distillation_main.py --method GCond --dataset cadets --reduction_rate 0.002
-------------------- 2024-12-25 10:44:59 --------------------
------------------------------------------------------------
-------------------- 2024-12-25 10:44:59 --------------------
Will run command python flash_detection/detection_main.py --dataset cadets --mode train --dist_method GCond --dist_ratio 0.002 > exp_out/run_2DTC_train_cadets_GCond_0.002_.txt
Successfull: python flash_detection/detection_main.py --dataset cadets --mode train --dist_method GCond --dist_ratio 0.002
-------------------- 2024-12-25 10:45:05 --------------------
------------------------------------------------------------
-------------------- 2024-12-25 10:45:05 --------------------
Will run command python flash_detection/detection_main.py --dataset cadets --mode test --dist_method GCond --dist_ratio 0.002 > exp_out/run_3DTC_test_cadets_GCond_0.002_.txt
Successfull: python flash_detection/detection_main.py --dataset cadets --mode test --dist_method GCond --dist_ratio 0.002
-------------------- 2024-12-25 10:45:26 --------------------
------------------------------------------------------------
------------------------------------------------------------
-------------------- 2024-12-25 10:45:26 --------------------
Will run command python flash_detection/distillation_main.py --method GCDM --dataset cadets --reduction_rate 0.05 > exp_out/run_1GC_cadets_GCDM_0.05_.txt
Successfull: python flash_detection/distillation_main.py --method GCDM --dataset cadets --reduction_rate 0.05
-------------------- 2024-12-25 10:46:18 --------------------
------------------------------------------------------------
-------------------- 2024-12-25 10:46:18 --------------------
Will run command python flash_detection/detection_main.py --dataset cadets --mode train --dist_method GCDM --dist_ratio 0.05 > exp_out/run_2DTC_train_cadets_GCDM_0.05_.txt
Successfull: python flash_detection/detection_main.py --dataset cadets --mode train --dist_method GCDM --dist_ratio 0.05
-------------------- 2024-12-25 10:46:23 --------------------
------------------------------------------------------------
-------------------- 2024-12-25 10:46:23 --------------------
Will run command python flash_detection/detection_main.py --dataset cadets --mode test --dist_method GCDM --dist_ratio 0.05 > exp_out/run_3DTC_test_cadets_GCDM_0.05_.txt
Successfull: python flash_detection/detection_main.py --dataset cadets --mode test --dist_method GCDM --dist_ratio 0.05
-------------------- 2024-12-25 10:46:28 --------------------
------------------------------------------------------------
------------------------------------------------------------
-------------------- 2024-12-25 10:46:28 --------------------
Will run command python flash_detection/distillation_main.py --method GCDM --dataset cadets --reduction_rate 0.03 > exp_out/run_1GC_cadets_GCDM_0.03_.txt
Successfull: python flash_detection/distillation_main.py --method GCDM --dataset cadets --reduction_rate 0.03
-------------------- 2024-12-25 10:46:52 --------------------
------------------------------------------------------------
-------------------- 2024-12-25 10:46:52 --------------------
Will run command python flash_detection/detection_main.py --dataset cadets --mode train --dist_method GCDM --dist_ratio 0.03 > exp_out/run_2DTC_train_cadets_GCDM_0.03_.txt
Successfull: python flash_detection/detection_main.py --dataset cadets --mode train --dist_method GCDM --dist_ratio 0.03
-------------------- 2024-12-25 10:46:56 --------------------
------------------------------------------------------------
-------------------- 2024-12-25 10:46:56 --------------------
Will run command python flash_detection/detection_main.py --dataset cadets --mode test --dist_method GCDM --dist_ratio 0.03 > exp_out/run_3DTC_test_cadets_GCDM_0.03_.txt
Successfull: python flash_detection/detection_main.py --dataset cadets --mode test --dist_method GCDM --dist_ratio 0.03
-------------------- 2024-12-25 10:47:02 --------------------
------------------------------------------------------------
------------------------------------------------------------
-------------------- 2024-12-25 10:47:02 --------------------
Will run command python flash_detection/distillation_main.py --method GCDM --dataset cadets --reduction_rate 0.01 > exp_out/run_1GC_cadets_GCDM_0.01_.txt
Successfull: python flash_detection/distillation_main.py --method GCDM --dataset cadets --reduction_rate 0.01
-------------------- 2024-12-25 10:47:12 --------------------
------------------------------------------------------------
-------------------- 2024-12-25 10:47:12 --------------------
Will run command python flash_detection/detection_main.py --dataset cadets --mode train --dist_method GCDM --dist_ratio 0.01 > exp_out/run_2DTC_train_cadets_GCDM_0.01_.txt
Successfull: python flash_detection/detection_main.py --dataset cadets --mode train --dist_method GCDM --dist_ratio 0.01
-------------------- 2024-12-25 10:47:17 --------------------
------------------------------------------------------------
-------------------- 2024-12-25 10:47:17 --------------------
Will run command python flash_detection/detection_main.py --dataset cadets --mode test --dist_method GCDM --dist_ratio 0.01 > exp_out/run_3DTC_test_cadets_GCDM_0.01_.txt
Successfull: python flash_detection/detection_main.py --dataset cadets --mode test --dist_method GCDM --dist_ratio 0.01
-------------------- 2024-12-25 10:47:22 --------------------
------------------------------------------------------------
------------------------------------------------------------
-------------------- 2024-12-25 10:47:22 --------------------
Will run command python flash_detection/distillation_main.py --method GCDM --dataset cadets --reduction_rate 0.008 > exp_out/run_1GC_cadets_GCDM_0.008_.txt
Successfull: python flash_detection/distillation_main.py --method GCDM --dataset cadets --reduction_rate 0.008
-------------------- 2024-12-25 10:51:04 --------------------
------------------------------------------------------------
-------------------- 2024-12-25 10:51:04 --------------------
Will run command python flash_detection/detection_main.py --dataset cadets --mode train --dist_method GCDM --dist_ratio 0.008 > exp_out/run_2DTC_train_cadets_GCDM_0.008_.txt
Successfull: python flash_detection/detection_main.py --dataset cadets --mode train --dist_method GCDM --dist_ratio 0.008
-------------------- 2024-12-25 10:51:13 --------------------
------------------------------------------------------------
-------------------- 2024-12-25 10:51:13 --------------------
Will run command python flash_detection/detection_main.py --dataset cadets --mode test --dist_method GCDM --dist_ratio 0.008 > exp_out/run_3DTC_test_cadets_GCDM_0.008_.txt
Successfull: python flash_detection/detection_main.py --dataset cadets --mode test --dist_method GCDM --dist_ratio 0.008
-------------------- 2024-12-25 10:51:34 --------------------
------------------------------------------------------------
------------------------------------------------------------
-------------------- 2024-12-25 10:51:34 --------------------
Will run command python flash_detection/distillation_main.py --method GCDM --dataset cadets --reduction_rate 0.006 > exp_out/run_1GC_cadets_GCDM_0.006_.txt
Successfull: python flash_detection/distillation_main.py --method GCDM --dataset cadets --reduction_rate 0.006
-------------------- 2024-12-25 10:55:06 --------------------
------------------------------------------------------------
-------------------- 2024-12-25 10:55:06 --------------------
Will run command python flash_detection/detection_main.py --dataset cadets --mode train --dist_method GCDM --dist_ratio 0.006 > exp_out/run_2DTC_train_cadets_GCDM_0.006_.txt
Successfull: python flash_detection/detection_main.py --dataset cadets --mode train --dist_method GCDM --dist_ratio 0.006
-------------------- 2024-12-25 10:55:15 --------------------
------------------------------------------------------------
-------------------- 2024-12-25 10:55:15 --------------------
Will run command python flash_detection/detection_main.py --dataset cadets --mode test --dist_method GCDM --dist_ratio 0.006 > exp_out/run_3DTC_test_cadets_GCDM_0.006_.txt
Successfull: python flash_detection/detection_main.py --dataset cadets --mode test --dist_method GCDM --dist_ratio 0.006
-------------------- 2024-12-25 10:55:36 --------------------
------------------------------------------------------------
------------------------------------------------------------
-------------------- 2024-12-25 10:55:36 --------------------
Will run command python flash_detection/distillation_main.py --method GCDM --dataset cadets --reduction_rate 0.004 > exp_out/run_1GC_cadets_GCDM_0.004_.txt
Successfull: python flash_detection/distillation_main.py --method GCDM --dataset cadets --reduction_rate 0.004
-------------------- 2024-12-25 10:59:02 --------------------
------------------------------------------------------------
-------------------- 2024-12-25 10:59:02 --------------------
Will run command python flash_detection/detection_main.py --dataset cadets --mode train --dist_method GCDM --dist_ratio 0.004 > exp_out/run_2DTC_train_cadets_GCDM_0.004_.txt
Successfull: python flash_detection/detection_main.py --dataset cadets --mode train --dist_method GCDM --dist_ratio 0.004
-------------------- 2024-12-25 10:59:09 --------------------
------------------------------------------------------------
-------------------- 2024-12-25 10:59:09 --------------------
Will run command python flash_detection/detection_main.py --dataset cadets --mode test --dist_method GCDM --dist_ratio 0.004 > exp_out/run_3DTC_test_cadets_GCDM_0.004_.txt
Successfull: python flash_detection/detection_main.py --dataset cadets --mode test --dist_method GCDM --dist_ratio 0.004
-------------------- 2024-12-25 10:59:30 --------------------
------------------------------------------------------------
------------------------------------------------------------
-------------------- 2024-12-25 10:59:30 --------------------
Will run command python flash_detection/distillation_main.py --method GCDM --dataset cadets --reduction_rate 0.002 > exp_out/run_1GC_cadets_GCDM_0.002_.txt
Successfull: python flash_detection/distillation_main.py --method GCDM --dataset cadets --reduction_rate 0.002
-------------------- 2024-12-25 11:02:52 --------------------
------------------------------------------------------------
-------------------- 2024-12-25 11:02:52 --------------------
Will run command python flash_detection/detection_main.py --dataset cadets --mode train --dist_method GCDM --dist_ratio 0.002 > exp_out/run_2DTC_train_cadets_GCDM_0.002_.txt
Successfull: python flash_detection/detection_main.py --dataset cadets --mode train --dist_method GCDM --dist_ratio 0.002
-------------------- 2024-12-25 11:02:58 --------------------
------------------------------------------------------------
-------------------- 2024-12-25 11:02:58 --------------------
Will run command python flash_detection/detection_main.py --dataset cadets --mode test --dist_method GCDM --dist_ratio 0.002 > exp_out/run_3DTC_test_cadets_GCDM_0.002_.txt
Successfull: python flash_detection/detection_main.py --dataset cadets --mode test --dist_method GCDM --dist_ratio 0.002
-------------------- 2024-12-25 11:03:18 --------------------
------------------------------------------------------------
------------------------------------------------------------
-------------------- 2024-12-25 11:03:18 --------------------
Will run command python flash_detection/distillation_main.py --method herding --dataset cadets --reduction_rate 0.05 > exp_out/run_1GC_cadets_herding_0.05_.txt
Successfull: python flash_detection/distillation_main.py --method herding --dataset cadets --reduction_rate 0.05
-------------------- 2024-12-25 11:09:02 --------------------
------------------------------------------------------------
-------------------- 2024-12-25 11:09:02 --------------------
Will run command python flash_detection/detection_main.py --dataset cadets --mode train --dist_method herding --dist_ratio 0.05 > exp_out/run_2DTC_train_cadets_herding_0.05_.txt
Successfull: python flash_detection/detection_main.py --dataset cadets --mode train --dist_method herding --dist_ratio 0.05
-------------------- 2024-12-25 11:09:08 --------------------
------------------------------------------------------------
-------------------- 2024-12-25 11:09:08 --------------------
Will run command python flash_detection/detection_main.py --dataset cadets --mode test --dist_method herding --dist_ratio 0.05 > exp_out/run_3DTC_test_cadets_herding_0.05_.txt
Successfull: python flash_detection/detection_main.py --dataset cadets --mode test --dist_method herding --dist_ratio 0.05
-------------------- 2024-12-25 11:09:28 --------------------
------------------------------------------------------------
------------------------------------------------------------
-------------------- 2024-12-25 11:09:28 --------------------
Will run command python flash_detection/distillation_main.py --method herding --dataset cadets --reduction_rate 0.03 > exp_out/run_1GC_cadets_herding_0.03_.txt
Successfull: python flash_detection/distillation_main.py --method herding --dataset cadets --reduction_rate 0.03
-------------------- 2024-12-25 11:13:51 --------------------
------------------------------------------------------------
-------------------- 2024-12-25 11:13:51 --------------------
Will run command python flash_detection/detection_main.py --dataset cadets --mode train --dist_method herding --dist_ratio 0.03 > exp_out/run_2DTC_train_cadets_herding_0.03_.txt
Successfull: python flash_detection/detection_main.py --dataset cadets --mode train --dist_method herding --dist_ratio 0.03
-------------------- 2024-12-25 11:13:57 --------------------
------------------------------------------------------------
-------------------- 2024-12-25 11:13:57 --------------------
Will run command python flash_detection/detection_main.py --dataset cadets --mode test --dist_method herding --dist_ratio 0.03 > exp_out/run_3DTC_test_cadets_herding_0.03_.txt
Successfull: python flash_detection/detection_main.py --dataset cadets --mode test --dist_method herding --dist_ratio 0.03
-------------------- 2024-12-25 11:14:18 --------------------
------------------------------------------------------------
------------------------------------------------------------
-------------------- 2024-12-25 11:14:18 --------------------
Will run command python flash_detection/distillation_main.py --method herding --dataset cadets --reduction_rate 0.01 > exp_out/run_1GC_cadets_herding_0.01_.txt
Successfull: python flash_detection/distillation_main.py --method herding --dataset cadets --reduction_rate 0.01
-------------------- 2024-12-25 11:17:21 --------------------
------------------------------------------------------------
-------------------- 2024-12-25 11:17:21 --------------------
Will run command python flash_detection/detection_main.py --dataset cadets --mode train --dist_method herding --dist_ratio 0.01 > exp_out/run_2DTC_train_cadets_herding_0.01_.txt
Successfull: python flash_detection/detection_main.py --dataset cadets --mode train --dist_method herding --dist_ratio 0.01
-------------------- 2024-12-25 11:17:27 --------------------
------------------------------------------------------------
-------------------- 2024-12-25 11:17:27 --------------------
Will run command python flash_detection/detection_main.py --dataset cadets --mode test --dist_method herding --dist_ratio 0.01 > exp_out/run_3DTC_test_cadets_herding_0.01_.txt
Successfull: python flash_detection/detection_main.py --dataset cadets --mode test --dist_method herding --dist_ratio 0.01
-------------------- 2024-12-25 11:17:47 --------------------
------------------------------------------------------------
------------------------------------------------------------
-------------------- 2024-12-25 11:17:47 --------------------
Will run command python flash_detection/distillation_main.py --method herding --dataset cadets --reduction_rate 0.008 > exp_out/run_1GC_cadets_herding_0.008_.txt
Successfull: python flash_detection/distillation_main.py --method herding --dataset cadets --reduction_rate 0.008
-------------------- 2024-12-25 11:20:43 --------------------
------------------------------------------------------------
-------------------- 2024-12-25 11:20:43 --------------------
Will run command python flash_detection/detection_main.py --dataset cadets --mode train --dist_method herding --dist_ratio 0.008 > exp_out/run_2DTC_train_cadets_herding_0.008_.txt
Successfull: python flash_detection/detection_main.py --dataset cadets --mode train --dist_method herding --dist_ratio 0.008
-------------------- 2024-12-25 11:20:49 --------------------
------------------------------------------------------------
-------------------- 2024-12-25 11:20:49 --------------------
Will run command python flash_detection/detection_main.py --dataset cadets --mode test --dist_method herding --dist_ratio 0.008 > exp_out/run_3DTC_test_cadets_herding_0.008_.txt
Successfull: python flash_detection/detection_main.py --dataset cadets --mode test --dist_method herding --dist_ratio 0.008
-------------------- 2024-12-25 11:21:09 --------------------
------------------------------------------------------------
------------------------------------------------------------
-------------------- 2024-12-25 11:21:09 --------------------
Will run command python flash_detection/distillation_main.py --method herding --dataset cadets --reduction_rate 0.006 > exp_out/run_1GC_cadets_herding_0.006_.txt
Successfull: python flash_detection/distillation_main.py --method herding --dataset cadets --reduction_rate 0.006
-------------------- 2024-12-25 11:23:57 --------------------
------------------------------------------------------------
-------------------- 2024-12-25 11:23:57 --------------------
Will run command python flash_detection/detection_main.py --dataset cadets --mode train --dist_method herding --dist_ratio 0.006 > exp_out/run_2DTC_train_cadets_herding_0.006_.txt
Successfull: python flash_detection/detection_main.py --dataset cadets --mode train --dist_method herding --dist_ratio 0.006
-------------------- 2024-12-25 11:24:02 --------------------
------------------------------------------------------------
-------------------- 2024-12-25 11:24:02 --------------------
Will run command python flash_detection/detection_main.py --dataset cadets --mode test --dist_method herding --dist_ratio 0.006 > exp_out/run_3DTC_test_cadets_herding_0.006_.txt
Successfull: python flash_detection/detection_main.py --dataset cadets --mode test --dist_method herding --dist_ratio 0.006
-------------------- 2024-12-25 11:24:23 --------------------
------------------------------------------------------------
------------------------------------------------------------
-------------------- 2024-12-25 11:24:23 --------------------
Will run command python flash_detection/distillation_main.py --method herding --dataset cadets --reduction_rate 0.004 > exp_out/run_1GC_cadets_herding_0.004_.txt
Successfull: python flash_detection/distillation_main.py --method herding --dataset cadets --reduction_rate 0.004
-------------------- 2024-12-25 11:27:03 --------------------
------------------------------------------------------------
-------------------- 2024-12-25 11:27:03 --------------------
Will run command python flash_detection/detection_main.py --dataset cadets --mode train --dist_method herding --dist_ratio 0.004 > exp_out/run_2DTC_train_cadets_herding_0.004_.txt
Successfull: python flash_detection/detection_main.py --dataset cadets --mode train --dist_method herding --dist_ratio 0.004
-------------------- 2024-12-25 11:27:08 --------------------
------------------------------------------------------------
-------------------- 2024-12-25 11:27:08 --------------------
Will run command python flash_detection/detection_main.py --dataset cadets --mode test --dist_method herding --dist_ratio 0.004 > exp_out/run_3DTC_test_cadets_herding_0.004_.txt
Successfull: python flash_detection/detection_main.py --dataset cadets --mode test --dist_method herding --dist_ratio 0.004
-------------------- 2024-12-25 11:27:29 --------------------
------------------------------------------------------------
------------------------------------------------------------
-------------------- 2024-12-25 11:27:29 --------------------
Will run command python flash_detection/distillation_main.py --method herding --dataset cadets --reduction_rate 0.002 > exp_out/run_1GC_cadets_herding_0.002_.txt
Successfull: python flash_detection/distillation_main.py --method herding --dataset cadets --reduction_rate 0.002
-------------------- 2024-12-25 11:30:01 --------------------
------------------------------------------------------------
-------------------- 2024-12-25 11:30:01 --------------------
Will run command python flash_detection/detection_main.py --dataset cadets --mode train --dist_method herding --dist_ratio 0.002 > exp_out/run_2DTC_train_cadets_herding_0.002_.txt
Successfull: python flash_detection/detection_main.py --dataset cadets --mode train --dist_method herding --dist_ratio 0.002
-------------------- 2024-12-25 11:30:06 --------------------
------------------------------------------------------------
-------------------- 2024-12-25 11:30:06 --------------------
Will run command python flash_detection/detection_main.py --dataset cadets --mode test --dist_method herding --dist_ratio 0.002 > exp_out/run_3DTC_test_cadets_herding_0.002_.txt
Successfull: python flash_detection/detection_main.py --dataset cadets --mode test --dist_method herding --dist_ratio 0.002
-------------------- 2024-12-25 11:30:27 --------------------
------------------------------------------------------------
------------------------------------------------------------
-------------------- 2024-12-25 11:30:27 --------------------
Will run command python flash_detection/distillation_main.py --method kcenter --dataset cadets --reduction_rate 0.05 > exp_out/run_1GC_cadets_kcenter_0.05_.txt
Successfull: python flash_detection/distillation_main.py --method kcenter --dataset cadets --reduction_rate 0.05
-------------------- 2024-12-25 11:41:12 --------------------
------------------------------------------------------------
-------------------- 2024-12-25 11:41:12 --------------------
Will run command python flash_detection/detection_main.py --dataset cadets --mode train --dist_method kcenter --dist_ratio 0.05 > exp_out/run_2DTC_train_cadets_kcenter_0.05_.txt
Successfull: python flash_detection/detection_main.py --dataset cadets --mode train --dist_method kcenter --dist_ratio 0.05
-------------------- 2024-12-25 11:41:18 --------------------
------------------------------------------------------------
-------------------- 2024-12-25 11:41:18 --------------------
Will run command python flash_detection/detection_main.py --dataset cadets --mode test --dist_method kcenter --dist_ratio 0.05 > exp_out/run_3DTC_test_cadets_kcenter_0.05_.txt
Successfull: python flash_detection/detection_main.py --dataset cadets --mode test --dist_method kcenter --dist_ratio 0.05
-------------------- 2024-12-25 11:41:39 --------------------
------------------------------------------------------------
------------------------------------------------------------
-------------------- 2024-12-25 11:41:39 --------------------
Will run command python flash_detection/distillation_main.py --method kcenter --dataset cadets --reduction_rate 0.03 > exp_out/run_1GC_cadets_kcenter_0.03_.txt
Successfull: python flash_detection/distillation_main.py --method kcenter --dataset cadets --reduction_rate 0.03
-------------------- 2024-12-25 11:47:04 --------------------
------------------------------------------------------------
-------------------- 2024-12-25 11:47:04 --------------------
Will run command python flash_detection/detection_main.py --dataset cadets --mode train --dist_method kcenter --dist_ratio 0.03 > exp_out/run_2DTC_train_cadets_kcenter_0.03_.txt
Successfull: python flash_detection/detection_main.py --dataset cadets --mode train --dist_method kcenter --dist_ratio 0.03
-------------------- 2024-12-25 11:47:10 --------------------
------------------------------------------------------------
-------------------- 2024-12-25 11:47:10 --------------------
Will run command python flash_detection/detection_main.py --dataset cadets --mode test --dist_method kcenter --dist_ratio 0.03 > exp_out/run_3DTC_test_cadets_kcenter_0.03_.txt
Successfull: python flash_detection/detection_main.py --dataset cadets --mode test --dist_method kcenter --dist_ratio 0.03
-------------------- 2024-12-25 11:47:31 --------------------
------------------------------------------------------------
------------------------------------------------------------
-------------------- 2024-12-25 11:47:31 --------------------
Will run command python flash_detection/distillation_main.py --method kcenter --dataset cadets --reduction_rate 0.01 > exp_out/run_1GC_cadets_kcenter_0.01_.txt
Successfull: python flash_detection/distillation_main.py --method kcenter --dataset cadets --reduction_rate 0.01
-------------------- 2024-12-25 11:50:15 --------------------
------------------------------------------------------------
-------------------- 2024-12-25 11:50:15 --------------------
Will run command python flash_detection/detection_main.py --dataset cadets --mode train --dist_method kcenter --dist_ratio 0.01 > exp_out/run_2DTC_train_cadets_kcenter_0.01_.txt
Successfull: python flash_detection/detection_main.py --dataset cadets --mode train --dist_method kcenter --dist_ratio 0.01
-------------------- 2024-12-25 11:50:21 --------------------
------------------------------------------------------------
-------------------- 2024-12-25 11:50:21 --------------------
Will run command python flash_detection/detection_main.py --dataset cadets --mode test --dist_method kcenter --dist_ratio 0.01 > exp_out/run_3DTC_test_cadets_kcenter_0.01_.txt
Successfull: python flash_detection/detection_main.py --dataset cadets --mode test --dist_method kcenter --dist_ratio 0.01
-------------------- 2024-12-25 11:50:41 --------------------
------------------------------------------------------------
------------------------------------------------------------
-------------------- 2024-12-25 11:50:41 --------------------
Will run command python flash_detection/distillation_main.py --method kcenter --dataset cadets --reduction_rate 0.008 > exp_out/run_1GC_cadets_kcenter_0.008_.txt
Successfull: python flash_detection/distillation_main.py --method kcenter --dataset cadets --reduction_rate 0.008
-------------------- 2024-12-25 11:53:18 --------------------
------------------------------------------------------------
-------------------- 2024-12-25 11:53:18 --------------------
Will run command python flash_detection/detection_main.py --dataset cadets --mode train --dist_method kcenter --dist_ratio 0.008 > exp_out/run_2DTC_train_cadets_kcenter_0.008_.txt
Successfull: python flash_detection/detection_main.py --dataset cadets --mode train --dist_method kcenter --dist_ratio 0.008
-------------------- 2024-12-25 11:53:24 --------------------
------------------------------------------------------------
-------------------- 2024-12-25 11:53:24 --------------------
Will run command python flash_detection/detection_main.py --dataset cadets --mode test --dist_method kcenter --dist_ratio 0.008 > exp_out/run_3DTC_test_cadets_kcenter_0.008_.txt
Successfull: python flash_detection/detection_main.py --dataset cadets --mode test --dist_method kcenter --dist_ratio 0.008
-------------------- 2024-12-25 11:53:44 --------------------
------------------------------------------------------------
------------------------------------------------------------
-------------------- 2024-12-25 11:53:44 --------------------
Will run command python flash_detection/distillation_main.py --method kcenter --dataset cadets --reduction_rate 0.006 > exp_out/run_1GC_cadets_kcenter_0.006_.txt
Successfull: python flash_detection/distillation_main.py --method kcenter --dataset cadets --reduction_rate 0.006
-------------------- 2024-12-25 11:56:15 --------------------
------------------------------------------------------------
-------------------- 2024-12-25 11:56:15 --------------------
Will run command python flash_detection/detection_main.py --dataset cadets --mode train --dist_method kcenter --dist_ratio 0.006 > exp_out/run_2DTC_train_cadets_kcenter_0.006_.txt
Successfull: python flash_detection/detection_main.py --dataset cadets --mode train --dist_method kcenter --dist_ratio 0.006
-------------------- 2024-12-25 11:56:21 --------------------
------------------------------------------------------------
-------------------- 2024-12-25 11:56:21 --------------------
Will run command python flash_detection/detection_main.py --dataset cadets --mode test --dist_method kcenter --dist_ratio 0.006 > exp_out/run_3DTC_test_cadets_kcenter_0.006_.txt
Successfull: python flash_detection/detection_main.py --dataset cadets --mode test --dist_method kcenter --dist_ratio 0.006
-------------------- 2024-12-25 11:56:42 --------------------
------------------------------------------------------------
------------------------------------------------------------
-------------------- 2024-12-25 11:56:42 --------------------
Will run command python flash_detection/distillation_main.py --method kcenter --dataset cadets --reduction_rate 0.004 > exp_out/run_1GC_cadets_kcenter_0.004_.txt
Successfull: python flash_detection/distillation_main.py --method kcenter --dataset cadets --reduction_rate 0.004
-------------------- 2024-12-25 11:59:09 --------------------
------------------------------------------------------------
-------------------- 2024-12-25 11:59:09 --------------------
Will run command python flash_detection/detection_main.py --dataset cadets --mode train --dist_method kcenter --dist_ratio 0.004 > exp_out/run_2DTC_train_cadets_kcenter_0.004_.txt
Successfull: python flash_detection/detection_main.py --dataset cadets --mode train --dist_method kcenter --dist_ratio 0.004
-------------------- 2024-12-25 11:59:15 --------------------
------------------------------------------------------------
-------------------- 2024-12-25 11:59:15 --------------------
Will run command python flash_detection/detection_main.py --dataset cadets --mode test --dist_method kcenter --dist_ratio 0.004 > exp_out/run_3DTC_test_cadets_kcenter_0.004_.txt
Successfull: python flash_detection/detection_main.py --dataset cadets --mode test --dist_method kcenter --dist_ratio 0.004
-------------------- 2024-12-25 11:59:35 --------------------
------------------------------------------------------------
------------------------------------------------------------
-------------------- 2024-12-25 11:59:35 --------------------
Will run command python flash_detection/distillation_main.py --method kcenter --dataset cadets --reduction_rate 0.002 > exp_out/run_1GC_cadets_kcenter_0.002_.txt
Successfull: python flash_detection/distillation_main.py --method kcenter --dataset cadets --reduction_rate 0.002
-------------------- 2024-12-25 12:01:59 --------------------
------------------------------------------------------------
-------------------- 2024-12-25 12:01:59 --------------------
Will run command python flash_detection/detection_main.py --dataset cadets --mode train --dist_method kcenter --dist_ratio 0.002 > exp_out/run_2DTC_train_cadets_kcenter_0.002_.txt
Successfull: python flash_detection/detection_main.py --dataset cadets --mode train --dist_method kcenter --dist_ratio 0.002
-------------------- 2024-12-25 12:02:05 --------------------
------------------------------------------------------------
-------------------- 2024-12-25 12:02:05 --------------------
Will run command python flash_detection/detection_main.py --dataset cadets --mode test --dist_method kcenter --dist_ratio 0.002 > exp_out/run_3DTC_test_cadets_kcenter_0.002_.txt
Successfull: python flash_detection/detection_main.py --dataset cadets --mode test --dist_method kcenter --dist_ratio 0.002
-------------------- 2024-12-25 12:02:25 --------------------
------------------------------------------------------------
------------------------------------------------------------
-------------------- 2024-12-25 12:02:25 --------------------
Will run command python flash_detection/distillation_main.py --method random --dataset cadets --reduction_rate 0.05 > exp_out/run_1GC_cadets_random_0.05_.txt
Successfull: python flash_detection/distillation_main.py --method random --dataset cadets --reduction_rate 0.05
-------------------- 2024-12-25 12:04:49 --------------------
------------------------------------------------------------
-------------------- 2024-12-25 12:04:49 --------------------
Will run command python flash_detection/detection_main.py --dataset cadets --mode train --dist_method random --dist_ratio 0.05 > exp_out/run_2DTC_train_cadets_random_0.05_.txt
Successfull: python flash_detection/detection_main.py --dataset cadets --mode train --dist_method random --dist_ratio 0.05
-------------------- 2024-12-25 12:04:55 --------------------
------------------------------------------------------------
-------------------- 2024-12-25 12:04:55 --------------------
Will run command python flash_detection/detection_main.py --dataset cadets --mode test --dist_method random --dist_ratio 0.05 > exp_out/run_3DTC_test_cadets_random_0.05_.txt
Successfull: python flash_detection/detection_main.py --dataset cadets --mode test --dist_method random --dist_ratio 0.05
-------------------- 2024-12-25 12:05:15 --------------------
------------------------------------------------------------
------------------------------------------------------------
-------------------- 2024-12-25 12:05:15 --------------------
Will run command python flash_detection/distillation_main.py --method random --dataset cadets --reduction_rate 0.03 > exp_out/run_1GC_cadets_random_0.03_.txt
Successfull: python flash_detection/distillation_main.py --method random --dataset cadets --reduction_rate 0.03
-------------------- 2024-12-25 12:07:39 --------------------
------------------------------------------------------------
-------------------- 2024-12-25 12:07:39 --------------------
Will run command python flash_detection/detection_main.py --dataset cadets --mode train --dist_method random --dist_ratio 0.03 > exp_out/run_2DTC_train_cadets_random_0.03_.txt
Successfull: python flash_detection/detection_main.py --dataset cadets --mode train --dist_method random --dist_ratio 0.03
-------------------- 2024-12-25 12:07:45 --------------------
------------------------------------------------------------
-------------------- 2024-12-25 12:07:45 --------------------
Will run command python flash_detection/detection_main.py --dataset cadets --mode test --dist_method random --dist_ratio 0.03 > exp_out/run_3DTC_test_cadets_random_0.03_.txt
Successfull: python flash_detection/detection_main.py --dataset cadets --mode test --dist_method random --dist_ratio 0.03
-------------------- 2024-12-25 12:08:05 --------------------
------------------------------------------------------------
------------------------------------------------------------
-------------------- 2024-12-25 12:08:05 --------------------
Will run command python flash_detection/distillation_main.py --method random --dataset cadets --reduction_rate 0.01 > exp_out/run_1GC_cadets_random_0.01_.txt
Successfull: python flash_detection/distillation_main.py --method random --dataset cadets --reduction_rate 0.01
-------------------- 2024-12-25 12:10:29 --------------------
------------------------------------------------------------
-------------------- 2024-12-25 12:10:29 --------------------
Will run command python flash_detection/detection_main.py --dataset cadets --mode train --dist_method random --dist_ratio 0.01 > exp_out/run_2DTC_train_cadets_random_0.01_.txt
Successfull: python flash_detection/detection_main.py --dataset cadets --mode train --dist_method random --dist_ratio 0.01
-------------------- 2024-12-25 12:10:35 --------------------
------------------------------------------------------------
-------------------- 2024-12-25 12:10:35 --------------------
Will run command python flash_detection/detection_main.py --dataset cadets --mode test --dist_method random --dist_ratio 0.01 > exp_out/run_3DTC_test_cadets_random_0.01_.txt
Successfull: python flash_detection/detection_main.py --dataset cadets --mode test --dist_method random --dist_ratio 0.01
-------------------- 2024-12-25 12:10:55 --------------------
------------------------------------------------------------
------------------------------------------------------------
-------------------- 2024-12-25 12:10:55 --------------------
Will run command python flash_detection/distillation_main.py --method random --dataset cadets --reduction_rate 0.008 > exp_out/run_1GC_cadets_random_0.008_.txt
Successfull: python flash_detection/distillation_main.py --method random --dataset cadets --reduction_rate 0.008
-------------------- 2024-12-25 12:13:19 --------------------
------------------------------------------------------------
-------------------- 2024-12-25 12:13:19 --------------------
Will run command python flash_detection/detection_main.py --dataset cadets --mode train --dist_method random --dist_ratio 0.008 > exp_out/run_2DTC_train_cadets_random_0.008_.txt
Successfull: python flash_detection/detection_main.py --dataset cadets --mode train --dist_method random --dist_ratio 0.008
-------------------- 2024-12-25 12:13:24 --------------------
------------------------------------------------------------
-------------------- 2024-12-25 12:13:24 --------------------
Will run command python flash_detection/detection_main.py --dataset cadets --mode test --dist_method random --dist_ratio 0.008 > exp_out/run_3DTC_test_cadets_random_0.008_.txt
Successfull: python flash_detection/detection_main.py --dataset cadets --mode test --dist_method random --dist_ratio 0.008
-------------------- 2024-12-25 12:13:45 --------------------
------------------------------------------------------------
------------------------------------------------------------
-------------------- 2024-12-25 12:13:45 --------------------
Will run command python flash_detection/distillation_main.py --method random --dataset cadets --reduction_rate 0.006 > exp_out/run_1GC_cadets_random_0.006_.txt
Successfull: python flash_detection/distillation_main.py --method random --dataset cadets --reduction_rate 0.006
-------------------- 2024-12-25 12:16:08 --------------------
------------------------------------------------------------
-------------------- 2024-12-25 12:16:08 --------------------
Will run command python flash_detection/detection_main.py --dataset cadets --mode train --dist_method random --dist_ratio 0.006 > exp_out/run_2DTC_train_cadets_random_0.006_.txt
Successfull: python flash_detection/detection_main.py --dataset cadets --mode train --dist_method random --dist_ratio 0.006
-------------------- 2024-12-25 12:16:14 --------------------
------------------------------------------------------------
-------------------- 2024-12-25 12:16:14 --------------------
Will run command python flash_detection/detection_main.py --dataset cadets --mode test --dist_method random --dist_ratio 0.006 > exp_out/run_3DTC_test_cadets_random_0.006_.txt
Successfull: python flash_detection/detection_main.py --dataset cadets --mode test --dist_method random --dist_ratio 0.006
-------------------- 2024-12-25 12:16:35 --------------------
------------------------------------------------------------
------------------------------------------------------------
-------------------- 2024-12-25 12:16:35 --------------------
Will run command python flash_detection/distillation_main.py --method random --dataset cadets --reduction_rate 0.004 > exp_out/run_1GC_cadets_random_0.004_.txt
Successfull: python flash_detection/distillation_main.py --method random --dataset cadets --reduction_rate 0.004
-------------------- 2024-12-25 12:18:58 --------------------
------------------------------------------------------------
-------------------- 2024-12-25 12:18:58 --------------------
Will run command python flash_detection/detection_main.py --dataset cadets --mode train --dist_method random --dist_ratio 0.004 > exp_out/run_2DTC_train_cadets_random_0.004_.txt
Successfull: python flash_detection/detection_main.py --dataset cadets --mode train --dist_method random --dist_ratio 0.004
-------------------- 2024-12-25 12:19:04 --------------------
------------------------------------------------------------
-------------------- 2024-12-25 12:19:04 --------------------
Will run command python flash_detection/detection_main.py --dataset cadets --mode test --dist_method random --dist_ratio 0.004 > exp_out/run_3DTC_test_cadets_random_0.004_.txt
Successfull: python flash_detection/detection_main.py --dataset cadets --mode test --dist_method random --dist_ratio 0.004
-------------------- 2024-12-25 12:19:25 --------------------
------------------------------------------------------------
------------------------------------------------------------
-------------------- 2024-12-25 12:19:25 --------------------
Will run command python flash_detection/distillation_main.py --method random --dataset cadets --reduction_rate 0.002 > exp_out/run_1GC_cadets_random_0.002_.txt
Successfull: python flash_detection/distillation_main.py --method random --dataset cadets --reduction_rate 0.002
-------------------- 2024-12-25 12:21:48 --------------------
------------------------------------------------------------
-------------------- 2024-12-25 12:21:48 --------------------
Will run command python flash_detection/detection_main.py --dataset cadets --mode train --dist_method random --dist_ratio 0.002 > exp_out/run_2DTC_train_cadets_random_0.002_.txt
Successfull: python flash_detection/detection_main.py --dataset cadets --mode train --dist_method random --dist_ratio 0.002
-------------------- 2024-12-25 12:21:54 --------------------
------------------------------------------------------------
-------------------- 2024-12-25 12:21:54 --------------------
Will run command python flash_detection/detection_main.py --dataset cadets --mode test --dist_method random --dist_ratio 0.002 > exp_out/run_3DTC_test_cadets_random_0.002_.txt
Successfull: python flash_detection/detection_main.py --dataset cadets --mode test --dist_method random --dist_ratio 0.002
-------------------- 2024-12-25 12:22:14 --------------------
------------------------------------------------------------
------------------------------------------------------------
-------------------- 2024-12-25 12:22:14 --------------------
Will run command python flash_detection/distillation_main.py --method SGDD --dataset trace --reduction_rate 0.05 > exp_out/run_1GC_trace_SGDD_0.05_.txt
Successfull: python flash_detection/distillation_main.py --method SGDD --dataset trace --reduction_rate 0.05
-------------------- 2024-12-25 12:22:27 --------------------
------------------------------------------------------------
-------------------- 2024-12-25 12:22:27 --------------------
Will run command python flash_detection/detection_main.py --dataset trace --mode train --dist_method SGDD --dist_ratio 0.05 > exp_out/run_2DTC_train_trace_SGDD_0.05_.txt
Successfull: python flash_detection/detection_main.py --dataset trace --mode train --dist_method SGDD --dist_ratio 0.05
-------------------- 2024-12-25 12:22:31 --------------------
------------------------------------------------------------
-------------------- 2024-12-25 12:22:31 --------------------
Will run command python flash_detection/detection_main.py --dataset trace --mode test --dist_method SGDD --dist_ratio 0.05 > exp_out/run_3DTC_test_trace_SGDD_0.05_.txt
Successfull: python flash_detection/detection_main.py --dataset trace --mode test --dist_method SGDD --dist_ratio 0.05
-------------------- 2024-12-25 12:22:37 --------------------
------------------------------------------------------------
------------------------------------------------------------
-------------------- 2024-12-25 12:22:37 --------------------
Will run command python flash_detection/distillation_main.py --method SGDD --dataset trace --reduction_rate 0.03 > exp_out/run_1GC_trace_SGDD_0.03_.txt
Successfull: python flash_detection/distillation_main.py --method SGDD --dataset trace --reduction_rate 0.03
-------------------- 2024-12-25 12:22:45 --------------------
------------------------------------------------------------
-------------------- 2024-12-25 12:22:45 --------------------
Will run command python flash_detection/detection_main.py --dataset trace --mode train --dist_method SGDD --dist_ratio 0.03 > exp_out/run_2DTC_train_trace_SGDD_0.03_.txt
Successfull: python flash_detection/detection_main.py --dataset trace --mode train --dist_method SGDD --dist_ratio 0.03
-------------------- 2024-12-25 12:22:50 --------------------
------------------------------------------------------------
-------------------- 2024-12-25 12:22:50 --------------------
Will run command python flash_detection/detection_main.py --dataset trace --mode test --dist_method SGDD --dist_ratio 0.03 > exp_out/run_3DTC_test_trace_SGDD_0.03_.txt
Successfull: python flash_detection/detection_main.py --dataset trace --mode test --dist_method SGDD --dist_ratio 0.03
-------------------- 2024-12-25 12:22:55 --------------------
------------------------------------------------------------
------------------------------------------------------------
-------------------- 2024-12-25 12:22:55 --------------------
Will run command python flash_detection/distillation_main.py --method SGDD --dataset trace --reduction_rate 0.01 > exp_out/run_1GC_trace_SGDD_0.01_.txt
Successfull: python flash_detection/distillation_main.py --method SGDD --dataset trace --reduction_rate 0.01
-------------------- 2024-12-25 12:23:03 --------------------
------------------------------------------------------------
-------------------- 2024-12-25 12:23:03 --------------------
Will run command python flash_detection/detection_main.py --dataset trace --mode train --dist_method SGDD --dist_ratio 0.01 > exp_out/run_2DTC_train_trace_SGDD_0.01_.txt
Successfull: python flash_detection/detection_main.py --dataset trace --mode train --dist_method SGDD --dist_ratio 0.01
-------------------- 2024-12-25 12:23:08 --------------------
------------------------------------------------------------
-------------------- 2024-12-25 12:23:08 --------------------
Will run command python flash_detection/detection_main.py --dataset trace --mode test --dist_method SGDD --dist_ratio 0.01 > exp_out/run_3DTC_test_trace_SGDD_0.01_.txt
Successfull: python flash_detection/detection_main.py --dataset trace --mode test --dist_method SGDD --dist_ratio 0.01
-------------------- 2024-12-25 12:23:13 --------------------
------------------------------------------------------------
------------------------------------------------------------
-------------------- 2024-12-25 12:23:13 --------------------
Will run command python flash_detection/distillation_main.py --method SGDD --dataset trace --reduction_rate 0.008 > exp_out/run_1GC_trace_SGDD_0.008_.txt
Successfull: python flash_detection/distillation_main.py --method SGDD --dataset trace --reduction_rate 0.008
-------------------- 2024-12-25 12:23:22 --------------------
------------------------------------------------------------
-------------------- 2024-12-25 12:23:22 --------------------
Will run command python flash_detection/detection_main.py --dataset trace --mode train --dist_method SGDD --dist_ratio 0.008 > exp_out/run_2DTC_train_trace_SGDD_0.008_.txt
Successfull: python flash_detection/detection_main.py --dataset trace --mode train --dist_method SGDD --dist_ratio 0.008
-------------------- 2024-12-25 12:23:26 --------------------
------------------------------------------------------------
-------------------- 2024-12-25 12:23:26 --------------------
Will run command python flash_detection/detection_main.py --dataset trace --mode test --dist_method SGDD --dist_ratio 0.008 > exp_out/run_3DTC_test_trace_SGDD_0.008_.txt
Successfull: python flash_detection/detection_main.py --dataset trace --mode test --dist_method SGDD --dist_ratio 0.008
-------------------- 2024-12-25 12:23:32 --------------------
------------------------------------------------------------
------------------------------------------------------------
-------------------- 2024-12-25 12:23:32 --------------------
Will run command python flash_detection/distillation_main.py --method SGDD --dataset trace --reduction_rate 0.006 > exp_out/run_1GC_trace_SGDD_0.006_.txt
Successfull: python flash_detection/distillation_main.py --method SGDD --dataset trace --reduction_rate 0.006
-------------------- 2024-12-25 12:23:40 --------------------
------------------------------------------------------------
-------------------- 2024-12-25 12:23:40 --------------------
Will run command python flash_detection/detection_main.py --dataset trace --mode train --dist_method SGDD --dist_ratio 0.006 > exp_out/run_2DTC_train_trace_SGDD_0.006_.txt
Successfull: python flash_detection/detection_main.py --dataset trace --mode train --dist_method SGDD --dist_ratio 0.006
-------------------- 2024-12-25 12:23:44 --------------------
------------------------------------------------------------
-------------------- 2024-12-25 12:23:44 --------------------
Will run command python flash_detection/detection_main.py --dataset trace --mode test --dist_method SGDD --dist_ratio 0.006 > exp_out/run_3DTC_test_trace_SGDD_0.006_.txt
Successfull: python flash_detection/detection_main.py --dataset trace --mode test --dist_method SGDD --dist_ratio 0.006
-------------------- 2024-12-25 12:23:50 --------------------
------------------------------------------------------------
------------------------------------------------------------
-------------------- 2024-12-25 12:23:50 --------------------
Will run command python flash_detection/distillation_main.py --method SGDD --dataset trace --reduction_rate 0.004 > exp_out/run_1GC_trace_SGDD_0.004_.txt
Successfull: python flash_detection/distillation_main.py --method SGDD --dataset trace --reduction_rate 0.004
-------------------- 2024-12-25 12:23:58 --------------------
------------------------------------------------------------
-------------------- 2024-12-25 12:23:58 --------------------
Will run command python flash_detection/detection_main.py --dataset trace --mode train --dist_method SGDD --dist_ratio 0.004 > exp_out/run_2DTC_train_trace_SGDD_0.004_.txt
Successfull: python flash_detection/detection_main.py --dataset trace --mode train --dist_method SGDD --dist_ratio 0.004
-------------------- 2024-12-25 12:24:02 --------------------
------------------------------------------------------------
-------------------- 2024-12-25 12:24:02 --------------------
Will run command python flash_detection/detection_main.py --dataset trace --mode test --dist_method SGDD --dist_ratio 0.004 > exp_out/run_3DTC_test_trace_SGDD_0.004_.txt
Successfull: python flash_detection/detection_main.py --dataset trace --mode test --dist_method SGDD --dist_ratio 0.004
-------------------- 2024-12-25 12:24:08 --------------------
------------------------------------------------------------
------------------------------------------------------------
-------------------- 2024-12-25 12:24:08 --------------------
Will run command python flash_detection/distillation_main.py --method SGDD --dataset trace --reduction_rate 0.002 > exp_out/run_1GC_trace_SGDD_0.002_.txt
Successfull: python flash_detection/distillation_main.py --method SGDD --dataset trace --reduction_rate 0.002
-------------------- 2024-12-25 12:24:16 --------------------
------------------------------------------------------------
-------------------- 2024-12-25 12:24:16 --------------------
Will run command python flash_detection/detection_main.py --dataset trace --mode train --dist_method SGDD --dist_ratio 0.002 > exp_out/run_2DTC_train_trace_SGDD_0.002_.txt
Successfull: python flash_detection/detection_main.py --dataset trace --mode train --dist_method SGDD --dist_ratio 0.002
-------------------- 2024-12-25 12:24:20 --------------------
------------------------------------------------------------
-------------------- 2024-12-25 12:24:20 --------------------
Will run command python flash_detection/detection_main.py --dataset trace --mode test --dist_method SGDD --dist_ratio 0.002 > exp_out/run_3DTC_test_trace_SGDD_0.002_.txt
Successfull: python flash_detection/detection_main.py --dataset trace --mode test --dist_method SGDD --dist_ratio 0.002
-------------------- 2024-12-25 12:24:26 --------------------
------------------------------------------------------------
------------------------------------------------------------
-------------------- 2024-12-25 12:24:26 --------------------
Will run command python flash_detection/distillation_main.py --method GCond --dataset trace --reduction_rate 0.05 > exp_out/run_1GC_trace_GCond_0.05_.txt
Successfull: python flash_detection/distillation_main.py --method GCond --dataset trace --reduction_rate 0.05
-------------------- 2024-12-25 12:24:37 --------------------
------------------------------------------------------------
-------------------- 2024-12-25 12:24:37 --------------------
Will run command python flash_detection/detection_main.py --dataset trace --mode train --dist_method GCond --dist_ratio 0.05 > exp_out/run_2DTC_train_trace_GCond_0.05_.txt
Successfull: python flash_detection/detection_main.py --dataset trace --mode train --dist_method GCond --dist_ratio 0.05
-------------------- 2024-12-25 12:24:42 --------------------
------------------------------------------------------------
-------------------- 2024-12-25 12:24:42 --------------------
Will run command python flash_detection/detection_main.py --dataset trace --mode test --dist_method GCond --dist_ratio 0.05 > exp_out/run_3DTC_test_trace_GCond_0.05_.txt
Successfull: python flash_detection/detection_main.py --dataset trace --mode test --dist_method GCond --dist_ratio 0.05
-------------------- 2024-12-25 12:24:47 --------------------
------------------------------------------------------------
------------------------------------------------------------
-------------------- 2024-12-25 12:24:47 --------------------
Will run command python flash_detection/distillation_main.py --method GCond --dataset trace --reduction_rate 0.03 > exp_out/run_1GC_trace_GCond_0.03_.txt
Successfull: python flash_detection/distillation_main.py --method GCond --dataset trace --reduction_rate 0.03
-------------------- 2024-12-25 12:24:56 --------------------
------------------------------------------------------------
-------------------- 2024-12-25 12:24:56 --------------------
Will run command python flash_detection/detection_main.py --dataset trace --mode train --dist_method GCond --dist_ratio 0.03 > exp_out/run_2DTC_train_trace_GCond_0.03_.txt
Successfull: python flash_detection/detection_main.py --dataset trace --mode train --dist_method GCond --dist_ratio 0.03
-------------------- 2024-12-25 12:25:01 --------------------
------------------------------------------------------------
-------------------- 2024-12-25 12:25:01 --------------------
Will run command python flash_detection/detection_main.py --dataset trace --mode test --dist_method GCond --dist_ratio 0.03 > exp_out/run_3DTC_test_trace_GCond_0.03_.txt
Successfull: python flash_detection/detection_main.py --dataset trace --mode test --dist_method GCond --dist_ratio 0.03
-------------------- 2024-12-25 12:25:06 --------------------
------------------------------------------------------------
------------------------------------------------------------
-------------------- 2024-12-25 12:25:06 --------------------
Will run command python flash_detection/distillation_main.py --method GCond --dataset trace --reduction_rate 0.01 > exp_out/run_1GC_trace_GCond_0.01_.txt
Successfull: python flash_detection/distillation_main.py --method GCond --dataset trace --reduction_rate 0.01
-------------------- 2024-12-25 12:25:13 --------------------
------------------------------------------------------------
-------------------- 2024-12-25 12:25:13 --------------------
Will run command python flash_detection/detection_main.py --dataset trace --mode train --dist_method GCond --dist_ratio 0.01 > exp_out/run_2DTC_train_trace_GCond_0.01_.txt
Successfull: python flash_detection/detection_main.py --dataset trace --mode train --dist_method GCond --dist_ratio 0.01
-------------------- 2024-12-25 12:25:18 --------------------
------------------------------------------------------------
-------------------- 2024-12-25 12:25:18 --------------------
Will run command python flash_detection/detection_main.py --dataset trace --mode test --dist_method GCond --dist_ratio 0.01 > exp_out/run_3DTC_test_trace_GCond_0.01_.txt
Successfull: python flash_detection/detection_main.py --dataset trace --mode test --dist_method GCond --dist_ratio 0.01
-------------------- 2024-12-25 12:25:23 --------------------
------------------------------------------------------------
------------------------------------------------------------
-------------------- 2024-12-25 12:25:23 --------------------
Will run command python flash_detection/distillation_main.py --method GCond --dataset trace --reduction_rate 0.008 > exp_out/run_1GC_trace_GCond_0.008_.txt
Successfull: python flash_detection/distillation_main.py --method GCond --dataset trace --reduction_rate 0.008
-------------------- 2024-12-25 12:25:30 --------------------
------------------------------------------------------------
-------------------- 2024-12-25 12:25:30 --------------------
Will run command python flash_detection/detection_main.py --dataset trace --mode train --dist_method GCond --dist_ratio 0.008 > exp_out/run_2DTC_train_trace_GCond_0.008_.txt
Successfull: python flash_detection/detection_main.py --dataset trace --mode train --dist_method GCond --dist_ratio 0.008
-------------------- 2024-12-25 12:25:35 --------------------
------------------------------------------------------------
-------------------- 2024-12-25 12:25:35 --------------------
Will run command python flash_detection/detection_main.py --dataset trace --mode test --dist_method GCond --dist_ratio 0.008 > exp_out/run_3DTC_test_trace_GCond_0.008_.txt
Successfull: python flash_detection/detection_main.py --dataset trace --mode test --dist_method GCond --dist_ratio 0.008
-------------------- 2024-12-25 12:25:41 --------------------
------------------------------------------------------------
------------------------------------------------------------
-------------------- 2024-12-25 12:25:41 --------------------
Will run command python flash_detection/distillation_main.py --method GCond --dataset trace --reduction_rate 0.006 > exp_out/run_1GC_trace_GCond_0.006_.txt
Successfull: python flash_detection/distillation_main.py --method GCond --dataset trace --reduction_rate 0.006
-------------------- 2024-12-25 12:25:48 --------------------
------------------------------------------------------------
-------------------- 2024-12-25 12:25:48 --------------------
Will run command python flash_detection/detection_main.py --dataset trace --mode train --dist_method GCond --dist_ratio 0.006 > exp_out/run_2DTC_train_trace_GCond_0.006_.txt
Successfull: python flash_detection/detection_main.py --dataset trace --mode train --dist_method GCond --dist_ratio 0.006
-------------------- 2024-12-25 12:25:52 --------------------
------------------------------------------------------------
-------------------- 2024-12-25 12:25:52 --------------------
Will run command python flash_detection/detection_main.py --dataset trace --mode test --dist_method GCond --dist_ratio 0.006 > exp_out/run_3DTC_test_trace_GCond_0.006_.txt
Successfull: python flash_detection/detection_main.py --dataset trace --mode test --dist_method GCond --dist_ratio 0.006
-------------------- 2024-12-25 12:25:58 --------------------
------------------------------------------------------------
------------------------------------------------------------
-------------------- 2024-12-25 12:25:58 --------------------
Will run command python flash_detection/distillation_main.py --method GCond --dataset trace --reduction_rate 0.004 > exp_out/run_1GC_trace_GCond_0.004_.txt
Successfull: python flash_detection/distillation_main.py --method GCond --dataset trace --reduction_rate 0.004
-------------------- 2024-12-25 12:26:05 --------------------
------------------------------------------------------------
-------------------- 2024-12-25 12:26:05 --------------------
Will run command python flash_detection/detection_main.py --dataset trace --mode train --dist_method GCond --dist_ratio 0.004 > exp_out/run_2DTC_train_trace_GCond_0.004_.txt
Successfull: python flash_detection/detection_main.py --dataset trace --mode train --dist_method GCond --dist_ratio 0.004
-------------------- 2024-12-25 12:26:09 --------------------
------------------------------------------------------------
-------------------- 2024-12-25 12:26:09 --------------------
Will run command python flash_detection/detection_main.py --dataset trace --mode test --dist_method GCond --dist_ratio 0.004 > exp_out/run_3DTC_test_trace_GCond_0.004_.txt
Successfull: python flash_detection/detection_main.py --dataset trace --mode test --dist_method GCond --dist_ratio 0.004
-------------------- 2024-12-25 12:26:15 --------------------
------------------------------------------------------------
------------------------------------------------------------
-------------------- 2024-12-25 12:26:15 --------------------
Will run command python flash_detection/distillation_main.py --method GCond --dataset trace --reduction_rate 0.002 > exp_out/run_1GC_trace_GCond_0.002_.txt
Successfull: python flash_detection/distillation_main.py --method GCond --dataset trace --reduction_rate 0.002
-------------------- 2024-12-25 12:26:22 --------------------
------------------------------------------------------------
-------------------- 2024-12-25 12:26:22 --------------------
Will run command python flash_detection/detection_main.py --dataset trace --mode train --dist_method GCond --dist_ratio 0.002 > exp_out/run_2DTC_train_trace_GCond_0.002_.txt
Successfull: python flash_detection/detection_main.py --dataset trace --mode train --dist_method GCond --dist_ratio 0.002
-------------------- 2024-12-25 12:26:26 --------------------
------------------------------------------------------------
-------------------- 2024-12-25 12:26:26 --------------------
Will run command python flash_detection/detection_main.py --dataset trace --mode test --dist_method GCond --dist_ratio 0.002 > exp_out/run_3DTC_test_trace_GCond_0.002_.txt
Successfull: python flash_detection/detection_main.py --dataset trace --mode test --dist_method GCond --dist_ratio 0.002
-------------------- 2024-12-25 12:26:32 --------------------
------------------------------------------------------------
------------------------------------------------------------
-------------------- 2024-12-25 12:26:32 --------------------
Will run command python flash_detection/distillation_main.py --method GCDM --dataset trace --reduction_rate 0.05 > exp_out/run_1GC_trace_GCDM_0.05_.txt
Successfull: python flash_detection/distillation_main.py --method GCDM --dataset trace --reduction_rate 0.05
-------------------- 2024-12-25 12:26:44 --------------------
------------------------------------------------------------
-------------------- 2024-12-25 12:26:44 --------------------
Will run command python flash_detection/detection_main.py --dataset trace --mode train --dist_method GCDM --dist_ratio 0.05 > exp_out/run_2DTC_train_trace_GCDM_0.05_.txt
Successfull: python flash_detection/detection_main.py --dataset trace --mode train --dist_method GCDM --dist_ratio 0.05
-------------------- 2024-12-25 12:26:49 --------------------
------------------------------------------------------------
-------------------- 2024-12-25 12:26:49 --------------------
Will run command python flash_detection/detection_main.py --dataset trace --mode test --dist_method GCDM --dist_ratio 0.05 > exp_out/run_3DTC_test_trace_GCDM_0.05_.txt
Successfull: python flash_detection/detection_main.py --dataset trace --mode test --dist_method GCDM --dist_ratio 0.05
-------------------- 2024-12-25 12:26:54 --------------------
------------------------------------------------------------
------------------------------------------------------------
-------------------- 2024-12-25 12:26:54 --------------------
Will run command python flash_detection/distillation_main.py --method GCDM --dataset trace --reduction_rate 0.03 > exp_out/run_1GC_trace_GCDM_0.03_.txt
Successfull: python flash_detection/distillation_main.py --method GCDM --dataset trace --reduction_rate 0.03
-------------------- 2024-12-25 12:28:37 --------------------
------------------------------------------------------------
-------------------- 2024-12-25 12:28:37 --------------------
Will run command python flash_detection/detection_main.py --dataset trace --mode train --dist_method GCDM --dist_ratio 0.03 > exp_out/run_2DTC_train_trace_GCDM_0.03_.txt
Successfull: python flash_detection/detection_main.py --dataset trace --mode train --dist_method GCDM --dist_ratio 0.03
-------------------- 2024-12-25 12:28:43 --------------------
------------------------------------------------------------
-------------------- 2024-12-25 12:28:43 --------------------
Will run command python flash_detection/detection_main.py --dataset trace --mode test --dist_method GCDM --dist_ratio 0.03 > exp_out/run_3DTC_test_trace_GCDM_0.03_.txt
Successfull: python flash_detection/detection_main.py --dataset trace --mode test --dist_method GCDM --dist_ratio 0.03
-------------------- 2024-12-25 12:28:48 --------------------
------------------------------------------------------------
------------------------------------------------------------
-------------------- 2024-12-25 12:28:48 --------------------
Will run command python flash_detection/distillation_main.py --method GCDM --dataset trace --reduction_rate 0.01 > exp_out/run_1GC_trace_GCDM_0.01_.txt
Successfull: python flash_detection/distillation_main.py --method GCDM --dataset trace --reduction_rate 0.01
-------------------- 2024-12-25 12:29:58 --------------------
------------------------------------------------------------
-------------------- 2024-12-25 12:29:58 --------------------
Will run command python flash_detection/detection_main.py --dataset trace --mode train --dist_method GCDM --dist_ratio 0.01 > exp_out/run_2DTC_train_trace_GCDM_0.01_.txt
Successfull: python flash_detection/detection_main.py --dataset trace --mode train --dist_method GCDM --dist_ratio 0.01
-------------------- 2024-12-25 12:30:03 --------------------
------------------------------------------------------------
-------------------- 2024-12-25 12:30:03 --------------------
Will run command python flash_detection/detection_main.py --dataset trace --mode test --dist_method GCDM --dist_ratio 0.01 > exp_out/run_3DTC_test_trace_GCDM_0.01_.txt
Successfull: python flash_detection/detection_main.py --dataset trace --mode test --dist_method GCDM --dist_ratio 0.01
-------------------- 2024-12-25 12:30:08 --------------------
------------------------------------------------------------
------------------------------------------------------------
-------------------- 2024-12-25 12:30:08 --------------------
Will run command python flash_detection/distillation_main.py --method GCDM --dataset trace --reduction_rate 0.008 > exp_out/run_1GC_trace_GCDM_0.008_.txt
Successfull: python flash_detection/distillation_main.py --method GCDM --dataset trace --reduction_rate 0.008
-------------------- 2024-12-25 12:31:17 --------------------
------------------------------------------------------------
-------------------- 2024-12-25 12:31:17 --------------------
Will run command python flash_detection/detection_main.py --dataset trace --mode train --dist_method GCDM --dist_ratio 0.008 > exp_out/run_2DTC_train_trace_GCDM_0.008_.txt
Successfull: python flash_detection/detection_main.py --dataset trace --mode train --dist_method GCDM --dist_ratio 0.008
-------------------- 2024-12-25 12:31:22 --------------------
------------------------------------------------------------
-------------------- 2024-12-25 12:31:22 --------------------
Will run command python flash_detection/detection_main.py --dataset trace --mode test --dist_method GCDM --dist_ratio 0.008 > exp_out/run_3DTC_test_trace_GCDM_0.008_.txt
Successfull: python flash_detection/detection_main.py --dataset trace --mode test --dist_method GCDM --dist_ratio 0.008
-------------------- 2024-12-25 12:31:28 --------------------
------------------------------------------------------------
------------------------------------------------------------
-------------------- 2024-12-25 12:31:28 --------------------
Will run command python flash_detection/distillation_main.py --method GCDM --dataset trace --reduction_rate 0.006 > exp_out/run_1GC_trace_GCDM_0.006_.txt
Successfull: python flash_detection/distillation_main.py --method GCDM --dataset trace --reduction_rate 0.006
-------------------- 2024-12-25 12:32:36 --------------------
------------------------------------------------------------
-------------------- 2024-12-25 12:32:36 --------------------
Will run command python flash_detection/detection_main.py --dataset trace --mode train --dist_method GCDM --dist_ratio 0.006 > exp_out/run_2DTC_train_trace_GCDM_0.006_.txt
Successfull: python flash_detection/detection_main.py --dataset trace --mode train --dist_method GCDM --dist_ratio 0.006
-------------------- 2024-12-25 12:32:41 --------------------
------------------------------------------------------------
-------------------- 2024-12-25 12:32:41 --------------------
Will run command python flash_detection/detection_main.py --dataset trace --mode test --dist_method GCDM --dist_ratio 0.006 > exp_out/run_3DTC_test_trace_GCDM_0.006_.txt
Successfull: python flash_detection/detection_main.py --dataset trace --mode test --dist_method GCDM --dist_ratio 0.006
-------------------- 2024-12-25 12:32:46 --------------------
------------------------------------------------------------
------------------------------------------------------------
-------------------- 2024-12-25 12:32:46 --------------------
Will run command python flash_detection/distillation_main.py --method GCDM --dataset trace --reduction_rate 0.004 > exp_out/run_1GC_trace_GCDM_0.004_.txt
Successfull: python flash_detection/distillation_main.py --method GCDM --dataset trace --reduction_rate 0.004
-------------------- 2024-12-25 12:33:53 --------------------
------------------------------------------------------------
-------------------- 2024-12-25 12:33:53 --------------------
Will run command python flash_detection/detection_main.py --dataset trace --mode train --dist_method GCDM --dist_ratio 0.004 > exp_out/run_2DTC_train_trace_GCDM_0.004_.txt
Successfull: python flash_detection/detection_main.py --dataset trace --mode train --dist_method GCDM --dist_ratio 0.004
-------------------- 2024-12-25 12:33:59 --------------------
------------------------------------------------------------
-------------------- 2024-12-25 12:33:59 --------------------
Will run command python flash_detection/detection_main.py --dataset trace --mode test --dist_method GCDM --dist_ratio 0.004 > exp_out/run_3DTC_test_trace_GCDM_0.004_.txt
Successfull: python flash_detection/detection_main.py --dataset trace --mode test --dist_method GCDM --dist_ratio 0.004
-------------------- 2024-12-25 12:34:04 --------------------
------------------------------------------------------------
------------------------------------------------------------
-------------------- 2024-12-25 12:34:04 --------------------
Will run command python flash_detection/distillation_main.py --method GCDM --dataset trace --reduction_rate 0.002 > exp_out/run_1GC_trace_GCDM_0.002_.txt
Successfull: python flash_detection/distillation_main.py --method GCDM --dataset trace --reduction_rate 0.002
-------------------- 2024-12-25 12:35:10 --------------------
------------------------------------------------------------
-------------------- 2024-12-25 12:35:10 --------------------
Will run command python flash_detection/detection_main.py --dataset trace --mode train --dist_method GCDM --dist_ratio 0.002 > exp_out/run_2DTC_train_trace_GCDM_0.002_.txt
Successfull: python flash_detection/detection_main.py --dataset trace --mode train --dist_method GCDM --dist_ratio 0.002
-------------------- 2024-12-25 12:35:16 --------------------
------------------------------------------------------------
-------------------- 2024-12-25 12:35:16 --------------------
Will run command python flash_detection/detection_main.py --dataset trace --mode test --dist_method GCDM --dist_ratio 0.002 > exp_out/run_3DTC_test_trace_GCDM_0.002_.txt
Successfull: python flash_detection/detection_main.py --dataset trace --mode test --dist_method GCDM --dist_ratio 0.002
-------------------- 2024-12-25 12:35:21 --------------------
------------------------------------------------------------
------------------------------------------------------------
-------------------- 2024-12-25 12:35:21 --------------------
Will run command python flash_detection/distillation_main.py --method herding --dataset trace --reduction_rate 0.05 > exp_out/run_1GC_trace_herding_0.05_.txt
Successfull: python flash_detection/distillation_main.py --method herding --dataset trace --reduction_rate 0.05
-------------------- 2024-12-25 12:36:27 --------------------
------------------------------------------------------------
-------------------- 2024-12-25 12:36:27 --------------------
Will run command python flash_detection/detection_main.py --dataset trace --mode train --dist_method herding --dist_ratio 0.05 > exp_out/run_2DTC_train_trace_herding_0.05_.txt
Successfull: python flash_detection/detection_main.py --dataset trace --mode train --dist_method herding --dist_ratio 0.05
-------------------- 2024-12-25 12:36:33 --------------------
------------------------------------------------------------
-------------------- 2024-12-25 12:36:33 --------------------
Will run command python flash_detection/detection_main.py --dataset trace --mode test --dist_method herding --dist_ratio 0.05 > exp_out/run_3DTC_test_trace_herding_0.05_.txt
Successfull: python flash_detection/detection_main.py --dataset trace --mode test --dist_method herding --dist_ratio 0.05
-------------------- 2024-12-25 12:36:38 --------------------
------------------------------------------------------------
------------------------------------------------------------
-------------------- 2024-12-25 12:36:38 --------------------
Will run command python flash_detection/distillation_main.py --method herding --dataset trace --reduction_rate 0.03 > exp_out/run_1GC_trace_herding_0.03_.txt
Successfull: python flash_detection/distillation_main.py --method herding --dataset trace --reduction_rate 0.03
-------------------- 2024-12-25 12:37:37 --------------------
------------------------------------------------------------
-------------------- 2024-12-25 12:37:37 --------------------
Will run command python flash_detection/detection_main.py --dataset trace --mode train --dist_method herding --dist_ratio 0.03 > exp_out/run_2DTC_train_trace_herding_0.03_.txt
Successfull: python flash_detection/detection_main.py --dataset trace --mode train --dist_method herding --dist_ratio 0.03
-------------------- 2024-12-25 12:37:42 --------------------
------------------------------------------------------------
-------------------- 2024-12-25 12:37:42 --------------------
Will run command python flash_detection/detection_main.py --dataset trace --mode test --dist_method herding --dist_ratio 0.03 > exp_out/run_3DTC_test_trace_herding_0.03_.txt
Successfull: python flash_detection/detection_main.py --dataset trace --mode test --dist_method herding --dist_ratio 0.03
-------------------- 2024-12-25 12:37:47 --------------------
------------------------------------------------------------
------------------------------------------------------------
-------------------- 2024-12-25 12:37:47 --------------------
Will run command python flash_detection/distillation_main.py --method herding --dataset trace --reduction_rate 0.01 > exp_out/run_1GC_trace_herding_0.01_.txt
Successfull: python flash_detection/distillation_main.py --method herding --dataset trace --reduction_rate 0.01
-------------------- 2024-12-25 12:38:39 --------------------
------------------------------------------------------------
-------------------- 2024-12-25 12:38:39 --------------------
Will run command python flash_detection/detection_main.py --dataset trace --mode train --dist_method herding --dist_ratio 0.01 > exp_out/run_2DTC_train_trace_herding_0.01_.txt
Successfull: python flash_detection/detection_main.py --dataset trace --mode train --dist_method herding --dist_ratio 0.01
-------------------- 2024-12-25 12:38:44 --------------------
------------------------------------------------------------
-------------------- 2024-12-25 12:38:44 --------------------
Will run command python flash_detection/detection_main.py --dataset trace --mode test --dist_method herding --dist_ratio 0.01 > exp_out/run_3DTC_test_trace_herding_0.01_.txt
Successfull: python flash_detection/detection_main.py --dataset trace --mode test --dist_method herding --dist_ratio 0.01
-------------------- 2024-12-25 12:38:49 --------------------
------------------------------------------------------------
------------------------------------------------------------
-------------------- 2024-12-25 12:38:49 --------------------
Will run command python flash_detection/distillation_main.py --method herding --dataset trace --reduction_rate 0.008 > exp_out/run_1GC_trace_herding_0.008_.txt
Successfull: python flash_detection/distillation_main.py --method herding --dataset trace --reduction_rate 0.008
-------------------- 2024-12-25 12:39:40 --------------------
------------------------------------------------------------
-------------------- 2024-12-25 12:39:40 --------------------
Will run command python flash_detection/detection_main.py --dataset trace --mode train --dist_method herding --dist_ratio 0.008 > exp_out/run_2DTC_train_trace_herding_0.008_.txt
Successfull: python flash_detection/detection_main.py --dataset trace --mode train --dist_method herding --dist_ratio 0.008
-------------------- 2024-12-25 12:39:45 --------------------
------------------------------------------------------------
-------------------- 2024-12-25 12:39:45 --------------------
Will run command python flash_detection/detection_main.py --dataset trace --mode test --dist_method herding --dist_ratio 0.008 > exp_out/run_3DTC_test_trace_herding_0.008_.txt
Successfull: python flash_detection/detection_main.py --dataset trace --mode test --dist_method herding --dist_ratio 0.008
-------------------- 2024-12-25 12:39:51 --------------------
------------------------------------------------------------
------------------------------------------------------------
-------------------- 2024-12-25 12:39:51 --------------------
Will run command python flash_detection/distillation_main.py --method herding --dataset trace --reduction_rate 0.006 > exp_out/run_1GC_trace_herding_0.006_.txt
Successfull: python flash_detection/distillation_main.py --method herding --dataset trace --reduction_rate 0.006
-------------------- 2024-12-25 12:40:40 --------------------
------------------------------------------------------------
-------------------- 2024-12-25 12:40:40 --------------------
Will run command python flash_detection/detection_main.py --dataset trace --mode train --dist_method herding --dist_ratio 0.006 > exp_out/run_2DTC_train_trace_herding_0.006_.txt
Successfull: python flash_detection/detection_main.py --dataset trace --mode train --dist_method herding --dist_ratio 0.006
-------------------- 2024-12-25 12:40:46 --------------------
------------------------------------------------------------
-------------------- 2024-12-25 12:40:46 --------------------
Will run command python flash_detection/detection_main.py --dataset trace --mode test --dist_method herding --dist_ratio 0.006 > exp_out/run_3DTC_test_trace_herding_0.006_.txt
Successfull: python flash_detection/detection_main.py --dataset trace --mode test --dist_method herding --dist_ratio 0.006
-------------------- 2024-12-25 12:40:51 --------------------
------------------------------------------------------------
------------------------------------------------------------
-------------------- 2024-12-25 12:40:51 --------------------
Will run command python flash_detection/distillation_main.py --method herding --dataset trace --reduction_rate 0.004 > exp_out/run_1GC_trace_herding_0.004_.txt
Successfull: python flash_detection/distillation_main.py --method herding --dataset trace --reduction_rate 0.004
-------------------- 2024-12-25 12:41:40 --------------------
------------------------------------------------------------
-------------------- 2024-12-25 12:41:40 --------------------
Will run command python flash_detection/detection_main.py --dataset trace --mode train --dist_method herding --dist_ratio 0.004 > exp_out/run_2DTC_train_trace_herding_0.004_.txt
Successfull: python flash_detection/detection_main.py --dataset trace --mode train --dist_method herding --dist_ratio 0.004
-------------------- 2024-12-25 12:41:45 --------------------
------------------------------------------------------------
-------------------- 2024-12-25 12:41:45 --------------------
Will run command python flash_detection/detection_main.py --dataset trace --mode test --dist_method herding --dist_ratio 0.004 > exp_out/run_3DTC_test_trace_herding_0.004_.txt
Successfull: python flash_detection/detection_main.py --dataset trace --mode test --dist_method herding --dist_ratio 0.004
-------------------- 2024-12-25 12:41:51 --------------------
------------------------------------------------------------
------------------------------------------------------------
-------------------- 2024-12-25 12:41:51 --------------------
Will run command python flash_detection/distillation_main.py --method herding --dataset trace --reduction_rate 0.002 > exp_out/run_1GC_trace_herding_0.002_.txt
Successfull: python flash_detection/distillation_main.py --method herding --dataset trace --reduction_rate 0.002
-------------------- 2024-12-25 12:42:39 --------------------
------------------------------------------------------------
-------------------- 2024-12-25 12:42:39 --------------------
Will run command python flash_detection/detection_main.py --dataset trace --mode train --dist_method herding --dist_ratio 0.002 > exp_out/run_2DTC_train_trace_herding_0.002_.txt
Successfull: python flash_detection/detection_main.py --dataset trace --mode train --dist_method herding --dist_ratio 0.002
-------------------- 2024-12-25 12:42:44 --------------------
------------------------------------------------------------
-------------------- 2024-12-25 12:42:44 --------------------
Will run command python flash_detection/detection_main.py --dataset trace --mode test --dist_method herding --dist_ratio 0.002 > exp_out/run_3DTC_test_trace_herding_0.002_.txt
Successfull: python flash_detection/detection_main.py --dataset trace --mode test --dist_method herding --dist_ratio 0.002
-------------------- 2024-12-25 12:42:49 --------------------
------------------------------------------------------------
------------------------------------------------------------
-------------------- 2024-12-25 12:42:49 --------------------
Will run command python flash_detection/distillation_main.py --method kcenter --dataset trace --reduction_rate 0.05 > exp_out/run_1GC_trace_kcenter_0.05_.txt
Successfull: python flash_detection/distillation_main.py --method kcenter --dataset trace --reduction_rate 0.05
-------------------- 2024-12-25 12:43:50 --------------------
------------------------------------------------------------
-------------------- 2024-12-25 12:43:50 --------------------
Will run command python flash_detection/detection_main.py --dataset trace --mode train --dist_method kcenter --dist_ratio 0.05 > exp_out/run_2DTC_train_trace_kcenter_0.05_.txt
Successfull: python flash_detection/detection_main.py --dataset trace --mode train --dist_method kcenter --dist_ratio 0.05
-------------------- 2024-12-25 12:43:56 --------------------
------------------------------------------------------------
-------------------- 2024-12-25 12:43:56 --------------------
Will run command python flash_detection/detection_main.py --dataset trace --mode test --dist_method kcenter --dist_ratio 0.05 > exp_out/run_3DTC_test_trace_kcenter_0.05_.txt
Successfull: python flash_detection/detection_main.py --dataset trace --mode test --dist_method kcenter --dist_ratio 0.05
-------------------- 2024-12-25 12:44:01 --------------------
------------------------------------------------------------
------------------------------------------------------------
-------------------- 2024-12-25 12:44:01 --------------------
Will run command python flash_detection/distillation_main.py --method kcenter --dataset trace --reduction_rate 0.03 > exp_out/run_1GC_trace_kcenter_0.03_.txt
Successfull: python flash_detection/distillation_main.py --method kcenter --dataset trace --reduction_rate 0.03
-------------------- 2024-12-25 12:44:54 --------------------
------------------------------------------------------------
-------------------- 2024-12-25 12:44:54 --------------------
Will run command python flash_detection/detection_main.py --dataset trace --mode train --dist_method kcenter --dist_ratio 0.03 > exp_out/run_2DTC_train_trace_kcenter_0.03_.txt
Successfull: python flash_detection/detection_main.py --dataset trace --mode train --dist_method kcenter --dist_ratio 0.03
-------------------- 2024-12-25 12:44:59 --------------------
------------------------------------------------------------
-------------------- 2024-12-25 12:44:59 --------------------
Will run command python flash_detection/detection_main.py --dataset trace --mode test --dist_method kcenter --dist_ratio 0.03 > exp_out/run_3DTC_test_trace_kcenter_0.03_.txt
Successfull: python flash_detection/detection_main.py --dataset trace --mode test --dist_method kcenter --dist_ratio 0.03
-------------------- 2024-12-25 12:45:05 --------------------
------------------------------------------------------------
------------------------------------------------------------
-------------------- 2024-12-25 12:45:05 --------------------
Will run command python flash_detection/distillation_main.py --method kcenter --dataset trace --reduction_rate 0.01 > exp_out/run_1GC_trace_kcenter_0.01_.txt
Successfull: python flash_detection/distillation_main.py --method kcenter --dataset trace --reduction_rate 0.01
-------------------- 2024-12-25 12:45:53 --------------------
------------------------------------------------------------
-------------------- 2024-12-25 12:45:53 --------------------
Will run command python flash_detection/detection_main.py --dataset trace --mode train --dist_method kcenter --dist_ratio 0.01 > exp_out/run_2DTC_train_trace_kcenter_0.01_.txt
Successfull: python flash_detection/detection_main.py --dataset trace --mode train --dist_method kcenter --dist_ratio 0.01
-------------------- 2024-12-25 12:45:58 --------------------
------------------------------------------------------------
-------------------- 2024-12-25 12:45:58 --------------------
Will run command python flash_detection/detection_main.py --dataset trace --mode test --dist_method kcenter --dist_ratio 0.01 > exp_out/run_3DTC_test_trace_kcenter_0.01_.txt
Successfull: python flash_detection/detection_main.py --dataset trace --mode test --dist_method kcenter --dist_ratio 0.01
-------------------- 2024-12-25 12:46:03 --------------------
------------------------------------------------------------
------------------------------------------------------------
-------------------- 2024-12-25 12:46:03 --------------------
Will run command python flash_detection/distillation_main.py --method kcenter --dataset trace --reduction_rate 0.008 > exp_out/run_1GC_trace_kcenter_0.008_.txt
Successfull: python flash_detection/distillation_main.py --method kcenter --dataset trace --reduction_rate 0.008
-------------------- 2024-12-25 12:46:51 --------------------
------------------------------------------------------------
-------------------- 2024-12-25 12:46:51 --------------------
Will run command python flash_detection/detection_main.py --dataset trace --mode train --dist_method kcenter --dist_ratio 0.008 > exp_out/run_2DTC_train_trace_kcenter_0.008_.txt
Successfull: python flash_detection/detection_main.py --dataset trace --mode train --dist_method kcenter --dist_ratio 0.008
-------------------- 2024-12-25 12:46:57 --------------------
------------------------------------------------------------
-------------------- 2024-12-25 12:46:57 --------------------
Will run command python flash_detection/detection_main.py --dataset trace --mode test --dist_method kcenter --dist_ratio 0.008 > exp_out/run_3DTC_test_trace_kcenter_0.008_.txt
Successfull: python flash_detection/detection_main.py --dataset trace --mode test --dist_method kcenter --dist_ratio 0.008
-------------------- 2024-12-25 12:47:02 --------------------
------------------------------------------------------------
------------------------------------------------------------
-------------------- 2024-12-25 12:47:02 --------------------
Will run command python flash_detection/distillation_main.py --method kcenter --dataset trace --reduction_rate 0.006 > exp_out/run_1GC_trace_kcenter_0.006_.txt
Successfull: python flash_detection/distillation_main.py --method kcenter --dataset trace --reduction_rate 0.006
-------------------- 2024-12-25 12:47:50 --------------------
------------------------------------------------------------
-------------------- 2024-12-25 12:47:50 --------------------
Will run command python flash_detection/detection_main.py --dataset trace --mode train --dist_method kcenter --dist_ratio 0.006 > exp_out/run_2DTC_train_trace_kcenter_0.006_.txt
Successfull: python flash_detection/detection_main.py --dataset trace --mode train --dist_method kcenter --dist_ratio 0.006
-------------------- 2024-12-25 12:47:55 --------------------
------------------------------------------------------------
-------------------- 2024-12-25 12:47:55 --------------------
Will run command python flash_detection/detection_main.py --dataset trace --mode test --dist_method kcenter --dist_ratio 0.006 > exp_out/run_3DTC_test_trace_kcenter_0.006_.txt
Successfull: python flash_detection/detection_main.py --dataset trace --mode test --dist_method kcenter --dist_ratio 0.006
-------------------- 2024-12-25 12:48:01 --------------------
------------------------------------------------------------
------------------------------------------------------------
-------------------- 2024-12-25 12:48:01 --------------------
Will run command python flash_detection/distillation_main.py --method kcenter --dataset trace --reduction_rate 0.004 > exp_out/run_1GC_trace_kcenter_0.004_.txt
Successfull: python flash_detection/distillation_main.py --method kcenter --dataset trace --reduction_rate 0.004
-------------------- 2024-12-25 12:48:48 --------------------
------------------------------------------------------------
-------------------- 2024-12-25 12:48:48 --------------------
Will run command python flash_detection/detection_main.py --dataset trace --mode train --dist_method kcenter --dist_ratio 0.004 > exp_out/run_2DTC_train_trace_kcenter_0.004_.txt
Successfull: python flash_detection/detection_main.py --dataset trace --mode train --dist_method kcenter --dist_ratio 0.004
-------------------- 2024-12-25 12:48:54 --------------------
------------------------------------------------------------
-------------------- 2024-12-25 12:48:54 --------------------
Will run command python flash_detection/detection_main.py --dataset trace --mode test --dist_method kcenter --dist_ratio 0.004 > exp_out/run_3DTC_test_trace_kcenter_0.004_.txt
Successfull: python flash_detection/detection_main.py --dataset trace --mode test --dist_method kcenter --dist_ratio 0.004
-------------------- 2024-12-25 12:48:59 --------------------
------------------------------------------------------------
------------------------------------------------------------
-------------------- 2024-12-25 12:48:59 --------------------
Will run command python flash_detection/distillation_main.py --method kcenter --dataset trace --reduction_rate 0.002 > exp_out/run_1GC_trace_kcenter_0.002_.txt
Successfull: python flash_detection/distillation_main.py --method kcenter --dataset trace --reduction_rate 0.002
-------------------- 2024-12-25 12:49:47 --------------------
------------------------------------------------------------
-------------------- 2024-12-25 12:49:47 --------------------
Will run command python flash_detection/detection_main.py --dataset trace --mode train --dist_method kcenter --dist_ratio 0.002 > exp_out/run_2DTC_train_trace_kcenter_0.002_.txt
Successfull: python flash_detection/detection_main.py --dataset trace --mode train --dist_method kcenter --dist_ratio 0.002
-------------------- 2024-12-25 12:49:52 --------------------
------------------------------------------------------------
-------------------- 2024-12-25 12:49:52 --------------------
Will run command python flash_detection/detection_main.py --dataset trace --mode test --dist_method kcenter --dist_ratio 0.002 > exp_out/run_3DTC_test_trace_kcenter_0.002_.txt
Successfull: python flash_detection/detection_main.py --dataset trace --mode test --dist_method kcenter --dist_ratio 0.002
-------------------- 2024-12-25 12:49:57 --------------------
------------------------------------------------------------
------------------------------------------------------------
-------------------- 2024-12-25 12:49:57 --------------------
Will run command python flash_detection/distillation_main.py --method random --dataset trace --reduction_rate 0.05 > exp_out/run_1GC_trace_random_0.05_.txt
Successfull: python flash_detection/distillation_main.py --method random --dataset trace --reduction_rate 0.05
-------------------- 2024-12-25 12:50:45 --------------------
------------------------------------------------------------
-------------------- 2024-12-25 12:50:45 --------------------
Will run command python flash_detection/detection_main.py --dataset trace --mode train --dist_method random --dist_ratio 0.05 > exp_out/run_2DTC_train_trace_random_0.05_.txt
Successfull: python flash_detection/detection_main.py --dataset trace --mode train --dist_method random --dist_ratio 0.05
-------------------- 2024-12-25 12:50:50 --------------------
------------------------------------------------------------
-------------------- 2024-12-25 12:50:50 --------------------
Will run command python flash_detection/detection_main.py --dataset trace --mode test --dist_method random --dist_ratio 0.05 > exp_out/run_3DTC_test_trace_random_0.05_.txt
Successfull: python flash_detection/detection_main.py --dataset trace --mode test --dist_method random --dist_ratio 0.05
-------------------- 2024-12-25 12:50:55 --------------------
------------------------------------------------------------
------------------------------------------------------------
-------------------- 2024-12-25 12:50:55 --------------------
Will run command python flash_detection/distillation_main.py --method random --dataset trace --reduction_rate 0.03 > exp_out/run_1GC_trace_random_0.03_.txt
Successfull: python flash_detection/distillation_main.py --method random --dataset trace --reduction_rate 0.03
-------------------- 2024-12-25 12:51:43 --------------------
------------------------------------------------------------
-------------------- 2024-12-25 12:51:43 --------------------
Will run command python flash_detection/detection_main.py --dataset trace --mode train --dist_method random --dist_ratio 0.03 > exp_out/run_2DTC_train_trace_random_0.03_.txt
Successfull: python flash_detection/detection_main.py --dataset trace --mode train --dist_method random --dist_ratio 0.03
-------------------- 2024-12-25 12:51:48 --------------------
------------------------------------------------------------
-------------------- 2024-12-25 12:51:48 --------------------
Will run command python flash_detection/detection_main.py --dataset trace --mode test --dist_method random --dist_ratio 0.03 > exp_out/run_3DTC_test_trace_random_0.03_.txt
Successfull: python flash_detection/detection_main.py --dataset trace --mode test --dist_method random --dist_ratio 0.03
-------------------- 2024-12-25 12:51:53 --------------------
------------------------------------------------------------
------------------------------------------------------------
-------------------- 2024-12-25 12:51:53 --------------------
Will run command python flash_detection/distillation_main.py --method random --dataset trace --reduction_rate 0.01 > exp_out/run_1GC_trace_random_0.01_.txt
Successfull: python flash_detection/distillation_main.py --method random --dataset trace --reduction_rate 0.01
-------------------- 2024-12-25 12:52:40 --------------------
------------------------------------------------------------
-------------------- 2024-12-25 12:52:40 --------------------
Will run command python flash_detection/detection_main.py --dataset trace --mode train --dist_method random --dist_ratio 0.01 > exp_out/run_2DTC_train_trace_random_0.01_.txt
Successfull: python flash_detection/detection_main.py --dataset trace --mode train --dist_method random --dist_ratio 0.01
-------------------- 2024-12-25 12:52:46 --------------------
------------------------------------------------------------
-------------------- 2024-12-25 12:52:46 --------------------
Will run command python flash_detection/detection_main.py --dataset trace --mode test --dist_method random --dist_ratio 0.01 > exp_out/run_3DTC_test_trace_random_0.01_.txt
Successfull: python flash_detection/detection_main.py --dataset trace --mode test --dist_method random --dist_ratio 0.01
-------------------- 2024-12-25 12:52:51 --------------------
------------------------------------------------------------
------------------------------------------------------------
-------------------- 2024-12-25 12:52:51 --------------------
Will run command python flash_detection/distillation_main.py --method random --dataset trace --reduction_rate 0.008 > exp_out/run_1GC_trace_random_0.008_.txt
Successfull: python flash_detection/distillation_main.py --method random --dataset trace --reduction_rate 0.008
-------------------- 2024-12-25 12:53:38 --------------------
------------------------------------------------------------
-------------------- 2024-12-25 12:53:38 --------------------
Will run command python flash_detection/detection_main.py --dataset trace --mode train --dist_method random --dist_ratio 0.008 > exp_out/run_2DTC_train_trace_random_0.008_.txt
Successfull: python flash_detection/detection_main.py --dataset trace --mode train --dist_method random --dist_ratio 0.008
-------------------- 2024-12-25 12:53:44 --------------------
------------------------------------------------------------
-------------------- 2024-12-25 12:53:44 --------------------
Will run command python flash_detection/detection_main.py --dataset trace --mode test --dist_method random --dist_ratio 0.008 > exp_out/run_3DTC_test_trace_random_0.008_.txt
Successfull: python flash_detection/detection_main.py --dataset trace --mode test --dist_method random --dist_ratio 0.008
-------------------- 2024-12-25 12:53:49 --------------------
------------------------------------------------------------
------------------------------------------------------------
-------------------- 2024-12-25 12:53:49 --------------------
Will run command python flash_detection/distillation_main.py --method random --dataset trace --reduction_rate 0.006 > exp_out/run_1GC_trace_random_0.006_.txt
Successfull: python flash_detection/distillation_main.py --method random --dataset trace --reduction_rate 0.006
-------------------- 2024-12-25 12:54:36 --------------------
------------------------------------------------------------
-------------------- 2024-12-25 12:54:36 --------------------
Will run command python flash_detection/detection_main.py --dataset trace --mode train --dist_method random --dist_ratio 0.006 > exp_out/run_2DTC_train_trace_random_0.006_.txt
Successfull: python flash_detection/detection_main.py --dataset trace --mode train --dist_method random --dist_ratio 0.006
-------------------- 2024-12-25 12:54:42 --------------------
------------------------------------------------------------
-------------------- 2024-12-25 12:54:42 --------------------
Will run command python flash_detection/detection_main.py --dataset trace --mode test --dist_method random --dist_ratio 0.006 > exp_out/run_3DTC_test_trace_random_0.006_.txt
Successfull: python flash_detection/detection_main.py --dataset trace --mode test --dist_method random --dist_ratio 0.006
-------------------- 2024-12-25 12:54:47 --------------------
------------------------------------------------------------
------------------------------------------------------------
-------------------- 2024-12-25 12:54:47 --------------------
Will run command python flash_detection/distillation_main.py --method random --dataset trace --reduction_rate 0.004 > exp_out/run_1GC_trace_random_0.004_.txt
Successfull: python flash_detection/distillation_main.py --method random --dataset trace --reduction_rate 0.004
-------------------- 2024-12-25 12:55:34 --------------------
------------------------------------------------------------
-------------------- 2024-12-25 12:55:34 --------------------
Will run command python flash_detection/detection_main.py --dataset trace --mode train --dist_method random --dist_ratio 0.004 > exp_out/run_2DTC_train_trace_random_0.004_.txt
Successfull: python flash_detection/detection_main.py --dataset trace --mode train --dist_method random --dist_ratio 0.004
-------------------- 2024-12-25 12:55:40 --------------------
------------------------------------------------------------
-------------------- 2024-12-25 12:55:40 --------------------
Will run command python flash_detection/detection_main.py --dataset trace --mode test --dist_method random --dist_ratio 0.004 > exp_out/run_3DTC_test_trace_random_0.004_.txt
Successfull: python flash_detection/detection_main.py --dataset trace --mode test --dist_method random --dist_ratio 0.004
-------------------- 2024-12-25 12:55:45 --------------------
------------------------------------------------------------
------------------------------------------------------------
-------------------- 2024-12-25 12:55:45 --------------------
Will run command python flash_detection/distillation_main.py --method random --dataset trace --reduction_rate 0.002 > exp_out/run_1GC_trace_random_0.002_.txt
Successfull: python flash_detection/distillation_main.py --method random --dataset trace --reduction_rate 0.002
-------------------- 2024-12-25 12:56:32 --------------------
------------------------------------------------------------
-------------------- 2024-12-25 12:56:32 --------------------
Will run command python flash_detection/detection_main.py --dataset trace --mode train --dist_method random --dist_ratio 0.002 > exp_out/run_2DTC_train_trace_random_0.002_.txt
Successfull: python flash_detection/detection_main.py --dataset trace --mode train --dist_method random --dist_ratio 0.002
-------------------- 2024-12-25 12:56:38 --------------------
------------------------------------------------------------
-------------------- 2024-12-25 12:56:38 --------------------
Will run command python flash_detection/detection_main.py --dataset trace --mode test --dist_method random --dist_ratio 0.002 > exp_out/run_3DTC_test_trace_random_0.002_.txt
Successfull: python flash_detection/detection_main.py --dataset trace --mode test --dist_method random --dist_ratio 0.002
-------------------- 2024-12-25 12:56:43 --------------------
------------------------------------------------------------
------------------------------------------------------------
-------------------- 2024-12-25 12:56:43 --------------------
Will run command python flash_detection/distillation_main.py --method SGDD --dataset fivedirections --reduction_rate 0.05 > exp_out/run_1GC_fivedirections_SGDD_0.05_.txt
Successfull: python flash_detection/distillation_main.py --method SGDD --dataset fivedirections --reduction_rate 0.05
-------------------- 2024-12-25 12:56:51 --------------------
------------------------------------------------------------
-------------------- 2024-12-25 12:56:51 --------------------
Will run command python flash_detection/detection_main.py --dataset fivedirections --mode train --dist_method SGDD --dist_ratio 0.05 > exp_out/run_2DTC_train_fivedirections_SGDD_0.05_.txt
Successfull: python flash_detection/detection_main.py --dataset fivedirections --mode train --dist_method SGDD --dist_ratio 0.05
-------------------- 2024-12-25 12:56:55 --------------------
------------------------------------------------------------
-------------------- 2024-12-25 12:56:55 --------------------
Will run command python flash_detection/detection_main.py --dataset fivedirections --mode test --dist_method SGDD --dist_ratio 0.05 > exp_out/run_3DTC_test_fivedirections_SGDD_0.05_.txt
Successfull: python flash_detection/detection_main.py --dataset fivedirections --mode test --dist_method SGDD --dist_ratio 0.05
-------------------- 2024-12-25 12:57:00 --------------------
------------------------------------------------------------
------------------------------------------------------------
-------------------- 2024-12-25 12:57:00 --------------------
Will run command python flash_detection/distillation_main.py --method SGDD --dataset fivedirections --reduction_rate 0.03 > exp_out/run_1GC_fivedirections_SGDD_0.03_.txt
Successfull: python flash_detection/distillation_main.py --method SGDD --dataset fivedirections --reduction_rate 0.03
-------------------- 2024-12-25 12:57:08 --------------------
------------------------------------------------------------
-------------------- 2024-12-25 12:57:08 --------------------
Will run command python flash_detection/detection_main.py --dataset fivedirections --mode train --dist_method SGDD --dist_ratio 0.03 > exp_out/run_2DTC_train_fivedirections_SGDD_0.03_.txt
Successfull: python flash_detection/detection_main.py --dataset fivedirections --mode train --dist_method SGDD --dist_ratio 0.03
-------------------- 2024-12-25 12:57:13 --------------------
------------------------------------------------------------
-------------------- 2024-12-25 12:57:13 --------------------
Will run command python flash_detection/detection_main.py --dataset fivedirections --mode test --dist_method SGDD --dist_ratio 0.03 > exp_out/run_3DTC_test_fivedirections_SGDD_0.03_.txt
Successfull: python flash_detection/detection_main.py --dataset fivedirections --mode test --dist_method SGDD --dist_ratio 0.03
-------------------- 2024-12-25 12:57:17 --------------------
------------------------------------------------------------
------------------------------------------------------------
-------------------- 2024-12-25 12:57:17 --------------------
Will run command python flash_detection/distillation_main.py --method SGDD --dataset fivedirections --reduction_rate 0.01 > exp_out/run_1GC_fivedirections_SGDD_0.01_.txt
Successfull: python flash_detection/distillation_main.py --method SGDD --dataset fivedirections --reduction_rate 0.01
-------------------- 2024-12-25 12:57:25 --------------------
------------------------------------------------------------
-------------------- 2024-12-25 12:57:25 --------------------
Will run command python flash_detection/detection_main.py --dataset fivedirections --mode train --dist_method SGDD --dist_ratio 0.01 > exp_out/run_2DTC_train_fivedirections_SGDD_0.01_.txt
Successfull: python flash_detection/detection_main.py --dataset fivedirections --mode train --dist_method SGDD --dist_ratio 0.01
-------------------- 2024-12-25 12:57:30 --------------------
------------------------------------------------------------
-------------------- 2024-12-25 12:57:30 --------------------
Will run command python flash_detection/detection_main.py --dataset fivedirections --mode test --dist_method SGDD --dist_ratio 0.01 > exp_out/run_3DTC_test_fivedirections_SGDD_0.01_.txt
Successfull: python flash_detection/detection_main.py --dataset fivedirections --mode test --dist_method SGDD --dist_ratio 0.01
-------------------- 2024-12-25 12:57:34 --------------------
------------------------------------------------------------
------------------------------------------------------------
-------------------- 2024-12-25 12:57:34 --------------------
Will run command python flash_detection/distillation_main.py --method SGDD --dataset fivedirections --reduction_rate 0.008 > exp_out/run_1GC_fivedirections_SGDD_0.008_.txt
Successfull: python flash_detection/distillation_main.py --method SGDD --dataset fivedirections --reduction_rate 0.008
-------------------- 2024-12-25 12:57:42 --------------------
------------------------------------------------------------
-------------------- 2024-12-25 12:57:42 --------------------
Will run command python flash_detection/detection_main.py --dataset fivedirections --mode train --dist_method SGDD --dist_ratio 0.008 > exp_out/run_2DTC_train_fivedirections_SGDD_0.008_.txt
Successfull: python flash_detection/detection_main.py --dataset fivedirections --mode train --dist_method SGDD --dist_ratio 0.008
-------------------- 2024-12-25 12:57:47 --------------------
------------------------------------------------------------
-------------------- 2024-12-25 12:57:47 --------------------
Will run command python flash_detection/detection_main.py --dataset fivedirections --mode test --dist_method SGDD --dist_ratio 0.008 > exp_out/run_3DTC_test_fivedirections_SGDD_0.008_.txt
Successfull: python flash_detection/detection_main.py --dataset fivedirections --mode test --dist_method SGDD --dist_ratio 0.008
-------------------- 2024-12-25 12:57:51 --------------------
------------------------------------------------------------
------------------------------------------------------------
-------------------- 2024-12-25 12:57:51 --------------------
Will run command python flash_detection/distillation_main.py --method SGDD --dataset fivedirections --reduction_rate 0.006 > exp_out/run_1GC_fivedirections_SGDD_0.006_.txt
Successfull: python flash_detection/distillation_main.py --method SGDD --dataset fivedirections --reduction_rate 0.006
-------------------- 2024-12-25 12:57:59 --------------------
------------------------------------------------------------
-------------------- 2024-12-25 12:57:59 --------------------
Will run command python flash_detection/detection_main.py --dataset fivedirections --mode train --dist_method SGDD --dist_ratio 0.006 > exp_out/run_2DTC_train_fivedirections_SGDD_0.006_.txt
Successfull: python flash_detection/detection_main.py --dataset fivedirections --mode train --dist_method SGDD --dist_ratio 0.006
-------------------- 2024-12-25 12:58:04 --------------------
------------------------------------------------------------
-------------------- 2024-12-25 12:58:04 --------------------
Will run command python flash_detection/detection_main.py --dataset fivedirections --mode test --dist_method SGDD --dist_ratio 0.006 > exp_out/run_3DTC_test_fivedirections_SGDD_0.006_.txt
Successfull: python flash_detection/detection_main.py --dataset fivedirections --mode test --dist_method SGDD --dist_ratio 0.006
-------------------- 2024-12-25 12:58:08 --------------------
------------------------------------------------------------
------------------------------------------------------------
-------------------- 2024-12-25 12:58:08 --------------------
Will run command python flash_detection/distillation_main.py --method SGDD --dataset fivedirections --reduction_rate 0.004 > exp_out/run_1GC_fivedirections_SGDD_0.004_.txt
Successfull: python flash_detection/distillation_main.py --method SGDD --dataset fivedirections --reduction_rate 0.004
-------------------- 2024-12-25 12:58:16 --------------------
------------------------------------------------------------
-------------------- 2024-12-25 12:58:16 --------------------
Will run command python flash_detection/detection_main.py --dataset fivedirections --mode train --dist_method SGDD --dist_ratio 0.004 > exp_out/run_2DTC_train_fivedirections_SGDD_0.004_.txt
Successfull: python flash_detection/detection_main.py --dataset fivedirections --mode train --dist_method SGDD --dist_ratio 0.004
-------------------- 2024-12-25 12:58:21 --------------------
------------------------------------------------------------
-------------------- 2024-12-25 12:58:21 --------------------
Will run command python flash_detection/detection_main.py --dataset fivedirections --mode test --dist_method SGDD --dist_ratio 0.004 > exp_out/run_3DTC_test_fivedirections_SGDD_0.004_.txt
Successfull: python flash_detection/detection_main.py --dataset fivedirections --mode test --dist_method SGDD --dist_ratio 0.004
-------------------- 2024-12-25 12:58:25 --------------------
------------------------------------------------------------
------------------------------------------------------------
-------------------- 2024-12-25 12:58:25 --------------------
Will run command python flash_detection/distillation_main.py --method SGDD --dataset fivedirections --reduction_rate 0.002 > exp_out/run_1GC_fivedirections_SGDD_0.002_.txt
Successfull: python flash_detection/distillation_main.py --method SGDD --dataset fivedirections --reduction_rate 0.002
-------------------- 2024-12-25 12:58:33 --------------------
------------------------------------------------------------
-------------------- 2024-12-25 12:58:33 --------------------
Will run command python flash_detection/detection_main.py --dataset fivedirections --mode train --dist_method SGDD --dist_ratio 0.002 > exp_out/run_2DTC_train_fivedirections_SGDD_0.002_.txt
Successfull: python flash_detection/detection_main.py --dataset fivedirections --mode train --dist_method SGDD --dist_ratio 0.002
-------------------- 2024-12-25 12:58:38 --------------------
------------------------------------------------------------
-------------------- 2024-12-25 12:58:38 --------------------
Will run command python flash_detection/detection_main.py --dataset fivedirections --mode test --dist_method SGDD --dist_ratio 0.002 > exp_out/run_3DTC_test_fivedirections_SGDD_0.002_.txt
Successfull: python flash_detection/detection_main.py --dataset fivedirections --mode test --dist_method SGDD --dist_ratio 0.002
-------------------- 2024-12-25 12:58:42 --------------------
------------------------------------------------------------
------------------------------------------------------------
-------------------- 2024-12-25 12:58:42 --------------------
Will run command python flash_detection/distillation_main.py --method GCond --dataset fivedirections --reduction_rate 0.05 > exp_out/run_1GC_fivedirections_GCond_0.05_.txt
Successfull: python flash_detection/distillation_main.py --method GCond --dataset fivedirections --reduction_rate 0.05
-------------------- 2024-12-25 12:58:49 --------------------
------------------------------------------------------------
-------------------- 2024-12-25 12:58:49 --------------------
Will run command python flash_detection/detection_main.py --dataset fivedirections --mode train --dist_method GCond --dist_ratio 0.05 > exp_out/run_2DTC_train_fivedirections_GCond_0.05_.txt
Successfull: python flash_detection/detection_main.py --dataset fivedirections --mode train --dist_method GCond --dist_ratio 0.05
-------------------- 2024-12-25 12:58:54 --------------------
------------------------------------------------------------
-------------------- 2024-12-25 12:58:54 --------------------
Will run command python flash_detection/detection_main.py --dataset fivedirections --mode test --dist_method GCond --dist_ratio 0.05 > exp_out/run_3DTC_test_fivedirections_GCond_0.05_.txt
Successfull: python flash_detection/detection_main.py --dataset fivedirections --mode test --dist_method GCond --dist_ratio 0.05
-------------------- 2024-12-25 12:58:58 --------------------
------------------------------------------------------------
------------------------------------------------------------
-------------------- 2024-12-25 12:58:58 --------------------
Will run command python flash_detection/distillation_main.py --method GCond --dataset fivedirections --reduction_rate 0.03 > exp_out/run_1GC_fivedirections_GCond_0.03_.txt
Successfull: python flash_detection/distillation_main.py --method GCond --dataset fivedirections --reduction_rate 0.03
-------------------- 2024-12-25 12:59:05 --------------------
------------------------------------------------------------
-------------------- 2024-12-25 12:59:05 --------------------
Will run command python flash_detection/detection_main.py --dataset fivedirections --mode train --dist_method GCond --dist_ratio 0.03 > exp_out/run_2DTC_train_fivedirections_GCond_0.03_.txt
Successfull: python flash_detection/detection_main.py --dataset fivedirections --mode train --dist_method GCond --dist_ratio 0.03
-------------------- 2024-12-25 12:59:09 --------------------
------------------------------------------------------------
-------------------- 2024-12-25 12:59:09 --------------------
Will run command python flash_detection/detection_main.py --dataset fivedirections --mode test --dist_method GCond --dist_ratio 0.03 > exp_out/run_3DTC_test_fivedirections_GCond_0.03_.txt
Successfull: python flash_detection/detection_main.py --dataset fivedirections --mode test --dist_method GCond --dist_ratio 0.03
-------------------- 2024-12-25 12:59:14 --------------------
------------------------------------------------------------
------------------------------------------------------------
-------------------- 2024-12-25 12:59:14 --------------------
Will run command python flash_detection/distillation_main.py --method GCond --dataset fivedirections --reduction_rate 0.01 > exp_out/run_1GC_fivedirections_GCond_0.01_.txt
Successfull: python flash_detection/distillation_main.py --method GCond --dataset fivedirections --reduction_rate 0.01
-------------------- 2024-12-25 12:59:21 --------------------
------------------------------------------------------------
-------------------- 2024-12-25 12:59:21 --------------------
Will run command python flash_detection/detection_main.py --dataset fivedirections --mode train --dist_method GCond --dist_ratio 0.01 > exp_out/run_2DTC_train_fivedirections_GCond_0.01_.txt
Successfull: python flash_detection/detection_main.py --dataset fivedirections --mode train --dist_method GCond --dist_ratio 0.01
-------------------- 2024-12-25 12:59:25 --------------------
------------------------------------------------------------
-------------------- 2024-12-25 12:59:25 --------------------
Will run command python flash_detection/detection_main.py --dataset fivedirections --mode test --dist_method GCond --dist_ratio 0.01 > exp_out/run_3DTC_test_fivedirections_GCond_0.01_.txt
Successfull: python flash_detection/detection_main.py --dataset fivedirections --mode test --dist_method GCond --dist_ratio 0.01
-------------------- 2024-12-25 12:59:30 --------------------
------------------------------------------------------------
------------------------------------------------------------
-------------------- 2024-12-25 12:59:30 --------------------
Will run command python flash_detection/distillation_main.py --method GCond --dataset fivedirections --reduction_rate 0.008 > exp_out/run_1GC_fivedirections_GCond_0.008_.txt
Successfull: python flash_detection/distillation_main.py --method GCond --dataset fivedirections --reduction_rate 0.008
-------------------- 2024-12-25 12:59:37 --------------------
------------------------------------------------------------
-------------------- 2024-12-25 12:59:37 --------------------
Will run command python flash_detection/detection_main.py --dataset fivedirections --mode train --dist_method GCond --dist_ratio 0.008 > exp_out/run_2DTC_train_fivedirections_GCond_0.008_.txt
Successfull: python flash_detection/detection_main.py --dataset fivedirections --mode train --dist_method GCond --dist_ratio 0.008
-------------------- 2024-12-25 12:59:41 --------------------
------------------------------------------------------------
-------------------- 2024-12-25 12:59:41 --------------------
Will run command python flash_detection/detection_main.py --dataset fivedirections --mode test --dist_method GCond --dist_ratio 0.008 > exp_out/run_3DTC_test_fivedirections_GCond_0.008_.txt
Successfull: python flash_detection/detection_main.py --dataset fivedirections --mode test --dist_method GCond --dist_ratio 0.008
-------------------- 2024-12-25 12:59:46 --------------------
------------------------------------------------------------
------------------------------------------------------------
-------------------- 2024-12-25 12:59:46 --------------------
Will run command python flash_detection/distillation_main.py --method GCond --dataset fivedirections --reduction_rate 0.006 > exp_out/run_1GC_fivedirections_GCond_0.006_.txt
Successfull: python flash_detection/distillation_main.py --method GCond --dataset fivedirections --reduction_rate 0.006
-------------------- 2024-12-25 12:59:53 --------------------
------------------------------------------------------------
-------------------- 2024-12-25 12:59:53 --------------------
Will run command python flash_detection/detection_main.py --dataset fivedirections --mode train --dist_method GCond --dist_ratio 0.006 > exp_out/run_2DTC_train_fivedirections_GCond_0.006_.txt
Successfull: python flash_detection/detection_main.py --dataset fivedirections --mode train --dist_method GCond --dist_ratio 0.006
-------------------- 2024-12-25 12:59:57 --------------------
------------------------------------------------------------
-------------------- 2024-12-25 12:59:57 --------------------
Will run command python flash_detection/detection_main.py --dataset fivedirections --mode test --dist_method GCond --dist_ratio 0.006 > exp_out/run_3DTC_test_fivedirections_GCond_0.006_.txt
Successfull: python flash_detection/detection_main.py --dataset fivedirections --mode test --dist_method GCond --dist_ratio 0.006
-------------------- 2024-12-25 13:00:02 --------------------
------------------------------------------------------------
------------------------------------------------------------
-------------------- 2024-12-25 13:00:02 --------------------
Will run command python flash_detection/distillation_main.py --method GCond --dataset fivedirections --reduction_rate 0.004 > exp_out/run_1GC_fivedirections_GCond_0.004_.txt
Successfull: python flash_detection/distillation_main.py --method GCond --dataset fivedirections --reduction_rate 0.004
-------------------- 2024-12-25 13:00:09 --------------------
------------------------------------------------------------
-------------------- 2024-12-25 13:00:09 --------------------
Will run command python flash_detection/detection_main.py --dataset fivedirections --mode train --dist_method GCond --dist_ratio 0.004 > exp_out/run_2DTC_train_fivedirections_GCond_0.004_.txt
Successfull: python flash_detection/detection_main.py --dataset fivedirections --mode train --dist_method GCond --dist_ratio 0.004
-------------------- 2024-12-25 13:00:13 --------------------
------------------------------------------------------------
-------------------- 2024-12-25 13:00:13 --------------------
Will run command python flash_detection/detection_main.py --dataset fivedirections --mode test --dist_method GCond --dist_ratio 0.004 > exp_out/run_3DTC_test_fivedirections_GCond_0.004_.txt
Successfull: python flash_detection/detection_main.py --dataset fivedirections --mode test --dist_method GCond --dist_ratio 0.004
-------------------- 2024-12-25 13:00:18 --------------------
------------------------------------------------------------
------------------------------------------------------------
-------------------- 2024-12-25 13:00:18 --------------------
Will run command python flash_detection/distillation_main.py --method GCond --dataset fivedirections --reduction_rate 0.002 > exp_out/run_1GC_fivedirections_GCond_0.002_.txt
Successfull: python flash_detection/distillation_main.py --method GCond --dataset fivedirections --reduction_rate 0.002
-------------------- 2024-12-25 13:00:24 --------------------
------------------------------------------------------------
-------------------- 2024-12-25 13:00:24 --------------------
Will run command python flash_detection/detection_main.py --dataset fivedirections --mode train --dist_method GCond --dist_ratio 0.002 > exp_out/run_2DTC_train_fivedirections_GCond_0.002_.txt
Successfull: python flash_detection/detection_main.py --dataset fivedirections --mode train --dist_method GCond --dist_ratio 0.002
-------------------- 2024-12-25 13:00:29 --------------------
------------------------------------------------------------
-------------------- 2024-12-25 13:00:29 --------------------
Will run command python flash_detection/detection_main.py --dataset fivedirections --mode test --dist_method GCond --dist_ratio 0.002 > exp_out/run_3DTC_test_fivedirections_GCond_0.002_.txt
Successfull: python flash_detection/detection_main.py --dataset fivedirections --mode test --dist_method GCond --dist_ratio 0.002
-------------------- 2024-12-25 13:00:34 --------------------
------------------------------------------------------------
------------------------------------------------------------
-------------------- 2024-12-25 13:00:34 --------------------
Will run command python flash_detection/distillation_main.py --method GCDM --dataset fivedirections --reduction_rate 0.05 > exp_out/run_1GC_fivedirections_GCDM_0.05_.txt
Successfull: python flash_detection/distillation_main.py --method GCDM --dataset fivedirections --reduction_rate 0.05
-------------------- 2024-12-25 13:00:50 --------------------
------------------------------------------------------------
-------------------- 2024-12-25 13:00:50 --------------------
Will run command python flash_detection/detection_main.py --dataset fivedirections --mode train --dist_method GCDM --dist_ratio 0.05 > exp_out/run_2DTC_train_fivedirections_GCDM_0.05_.txt
Successfull: python flash_detection/detection_main.py --dataset fivedirections --mode train --dist_method GCDM --dist_ratio 0.05
-------------------- 2024-12-25 13:00:55 --------------------
------------------------------------------------------------
-------------------- 2024-12-25 13:00:55 --------------------
Will run command python flash_detection/detection_main.py --dataset fivedirections --mode test --dist_method GCDM --dist_ratio 0.05 > exp_out/run_3DTC_test_fivedirections_GCDM_0.05_.txt
Successfull: python flash_detection/detection_main.py --dataset fivedirections --mode test --dist_method GCDM --dist_ratio 0.05
-------------------- 2024-12-25 13:01:00 --------------------
------------------------------------------------------------
------------------------------------------------------------
-------------------- 2024-12-25 13:01:00 --------------------
Will run command python flash_detection/distillation_main.py --method GCDM --dataset fivedirections --reduction_rate 0.03 > exp_out/run_1GC_fivedirections_GCDM_0.03_.txt
Successfull: python flash_detection/distillation_main.py --method GCDM --dataset fivedirections --reduction_rate 0.03
-------------------- 2024-12-25 13:01:15 --------------------
------------------------------------------------------------
-------------------- 2024-12-25 13:01:15 --------------------
Will run command python flash_detection/detection_main.py --dataset fivedirections --mode train --dist_method GCDM --dist_ratio 0.03 > exp_out/run_2DTC_train_fivedirections_GCDM_0.03_.txt
Successfull: python flash_detection/detection_main.py --dataset fivedirections --mode train --dist_method GCDM --dist_ratio 0.03
-------------------- 2024-12-25 13:01:20 --------------------
------------------------------------------------------------
-------------------- 2024-12-25 13:01:20 --------------------
Will run command python flash_detection/detection_main.py --dataset fivedirections --mode test --dist_method GCDM --dist_ratio 0.03 > exp_out/run_3DTC_test_fivedirections_GCDM_0.03_.txt
Successfull: python flash_detection/detection_main.py --dataset fivedirections --mode test --dist_method GCDM --dist_ratio 0.03
-------------------- 2024-12-25 13:01:25 --------------------
------------------------------------------------------------
------------------------------------------------------------
-------------------- 2024-12-25 13:01:25 --------------------
Will run command python flash_detection/distillation_main.py --method GCDM --dataset fivedirections --reduction_rate 0.01 > exp_out/run_1GC_fivedirections_GCDM_0.01_.txt
Successfull: python flash_detection/distillation_main.py --method GCDM --dataset fivedirections --reduction_rate 0.01
-------------------- 2024-12-25 13:01:40 --------------------
------------------------------------------------------------
-------------------- 2024-12-25 13:01:40 --------------------
Will run command python flash_detection/detection_main.py --dataset fivedirections --mode train --dist_method GCDM --dist_ratio 0.01 > exp_out/run_2DTC_train_fivedirections_GCDM_0.01_.txt
Successfull: python flash_detection/detection_main.py --dataset fivedirections --mode train --dist_method GCDM --dist_ratio 0.01
-------------------- 2024-12-25 13:01:45 --------------------
------------------------------------------------------------
-------------------- 2024-12-25 13:01:45 --------------------
Will run command python flash_detection/detection_main.py --dataset fivedirections --mode test --dist_method GCDM --dist_ratio 0.01 > exp_out/run_3DTC_test_fivedirections_GCDM_0.01_.txt
Successfull: python flash_detection/detection_main.py --dataset fivedirections --mode test --dist_method GCDM --dist_ratio 0.01
-------------------- 2024-12-25 13:01:50 --------------------
------------------------------------------------------------
------------------------------------------------------------
-------------------- 2024-12-25 13:01:50 --------------------
Will run command python flash_detection/distillation_main.py --method GCDM --dataset fivedirections --reduction_rate 0.008 > exp_out/run_1GC_fivedirections_GCDM_0.008_.txt
Successfull: python flash_detection/distillation_main.py --method GCDM --dataset fivedirections --reduction_rate 0.008
-------------------- 2024-12-25 13:02:05 --------------------
------------------------------------------------------------
-------------------- 2024-12-25 13:02:05 --------------------
Will run command python flash_detection/detection_main.py --dataset fivedirections --mode train --dist_method GCDM --dist_ratio 0.008 > exp_out/run_2DTC_train_fivedirections_GCDM_0.008_.txt
Successfull: python flash_detection/detection_main.py --dataset fivedirections --mode train --dist_method GCDM --dist_ratio 0.008
-------------------- 2024-12-25 13:02:10 --------------------
------------------------------------------------------------
-------------------- 2024-12-25 13:02:10 --------------------
Will run command python flash_detection/detection_main.py --dataset fivedirections --mode test --dist_method GCDM --dist_ratio 0.008 > exp_out/run_3DTC_test_fivedirections_GCDM_0.008_.txt
Successfull: python flash_detection/detection_main.py --dataset fivedirections --mode test --dist_method GCDM --dist_ratio 0.008
-------------------- 2024-12-25 13:02:15 --------------------
------------------------------------------------------------
------------------------------------------------------------
-------------------- 2024-12-25 13:02:15 --------------------
Will run command python flash_detection/distillation_main.py --method GCDM --dataset fivedirections --reduction_rate 0.006 > exp_out/run_1GC_fivedirections_GCDM_0.006_.txt
Successfull: python flash_detection/distillation_main.py --method GCDM --dataset fivedirections --reduction_rate 0.006
-------------------- 2024-12-25 13:02:29 --------------------
------------------------------------------------------------
-------------------- 2024-12-25 13:02:29 --------------------
Will run command python flash_detection/detection_main.py --dataset fivedirections --mode train --dist_method GCDM --dist_ratio 0.006 > exp_out/run_2DTC_train_fivedirections_GCDM_0.006_.txt
Successfull: python flash_detection/detection_main.py --dataset fivedirections --mode train --dist_method GCDM --dist_ratio 0.006
-------------------- 2024-12-25 13:02:35 --------------------
------------------------------------------------------------
-------------------- 2024-12-25 13:02:35 --------------------
Will run command python flash_detection/detection_main.py --dataset fivedirections --mode test --dist_method GCDM --dist_ratio 0.006 > exp_out/run_3DTC_test_fivedirections_GCDM_0.006_.txt
Successfull: python flash_detection/detection_main.py --dataset fivedirections --mode test --dist_method GCDM --dist_ratio 0.006
-------------------- 2024-12-25 13:02:40 --------------------
------------------------------------------------------------
------------------------------------------------------------
-------------------- 2024-12-25 13:02:40 --------------------
Will run command python flash_detection/distillation_main.py --method GCDM --dataset fivedirections --reduction_rate 0.004 > exp_out/run_1GC_fivedirections_GCDM_0.004_.txt
Successfull: python flash_detection/distillation_main.py --method GCDM --dataset fivedirections --reduction_rate 0.004
-------------------- 2024-12-25 13:02:54 --------------------
------------------------------------------------------------
-------------------- 2024-12-25 13:02:54 --------------------
Will run command python flash_detection/detection_main.py --dataset fivedirections --mode train --dist_method GCDM --dist_ratio 0.004 > exp_out/run_2DTC_train_fivedirections_GCDM_0.004_.txt
Successfull: python flash_detection/detection_main.py --dataset fivedirections --mode train --dist_method GCDM --dist_ratio 0.004
-------------------- 2024-12-25 13:03:00 --------------------
------------------------------------------------------------
-------------------- 2024-12-25 13:03:00 --------------------
Will run command python flash_detection/detection_main.py --dataset fivedirections --mode test --dist_method GCDM --dist_ratio 0.004 > exp_out/run_3DTC_test_fivedirections_GCDM_0.004_.txt
Successfull: python flash_detection/detection_main.py --dataset fivedirections --mode test --dist_method GCDM --dist_ratio 0.004
-------------------- 2024-12-25 13:03:05 --------------------
------------------------------------------------------------
------------------------------------------------------------
-------------------- 2024-12-25 13:03:05 --------------------
Will run command python flash_detection/distillation_main.py --method GCDM --dataset fivedirections --reduction_rate 0.002 > exp_out/run_1GC_fivedirections_GCDM_0.002_.txt
Successfull: python flash_detection/distillation_main.py --method GCDM --dataset fivedirections --reduction_rate 0.002
-------------------- 2024-12-25 13:03:19 --------------------
------------------------------------------------------------
-------------------- 2024-12-25 13:03:19 --------------------
Will run command python flash_detection/detection_main.py --dataset fivedirections --mode train --dist_method GCDM --dist_ratio 0.002 > exp_out/run_2DTC_train_fivedirections_GCDM_0.002_.txt
Successfull: python flash_detection/detection_main.py --dataset fivedirections --mode train --dist_method GCDM --dist_ratio 0.002
-------------------- 2024-12-25 13:03:24 --------------------
------------------------------------------------------------
-------------------- 2024-12-25 13:03:24 --------------------
Will run command python flash_detection/detection_main.py --dataset fivedirections --mode test --dist_method GCDM --dist_ratio 0.002 > exp_out/run_3DTC_test_fivedirections_GCDM_0.002_.txt
Successfull: python flash_detection/detection_main.py --dataset fivedirections --mode test --dist_method GCDM --dist_ratio 0.002
-------------------- 2024-12-25 13:03:29 --------------------
------------------------------------------------------------
------------------------------------------------------------
-------------------- 2024-12-25 13:03:29 --------------------
Will run command python flash_detection/distillation_main.py --method herding --dataset fivedirections --reduction_rate 0.05 > exp_out/run_1GC_fivedirections_herding_0.05_.txt
Successfull: python flash_detection/distillation_main.py --method herding --dataset fivedirections --reduction_rate 0.05
-------------------- 2024-12-25 13:03:40 --------------------
------------------------------------------------------------
-------------------- 2024-12-25 13:03:40 --------------------
Will run command python flash_detection/detection_main.py --dataset fivedirections --mode train --dist_method herding --dist_ratio 0.05 > exp_out/run_2DTC_train_fivedirections_herding_0.05_.txt
Successfull: python flash_detection/detection_main.py --dataset fivedirections --mode train --dist_method herding --dist_ratio 0.05
-------------------- 2024-12-25 13:03:45 --------------------
------------------------------------------------------------
-------------------- 2024-12-25 13:03:45 --------------------
Will run command python flash_detection/detection_main.py --dataset fivedirections --mode test --dist_method herding --dist_ratio 0.05 > exp_out/run_3DTC_test_fivedirections_herding_0.05_.txt
Successfull: python flash_detection/detection_main.py --dataset fivedirections --mode test --dist_method herding --dist_ratio 0.05
-------------------- 2024-12-25 13:03:50 --------------------
------------------------------------------------------------
------------------------------------------------------------
-------------------- 2024-12-25 13:03:50 --------------------
Will run command python flash_detection/distillation_main.py --method herding --dataset fivedirections --reduction_rate 0.03 > exp_out/run_1GC_fivedirections_herding_0.03_.txt
Successfull: python flash_detection/distillation_main.py --method herding --dataset fivedirections --reduction_rate 0.03
-------------------- 2024-12-25 13:04:01 --------------------
------------------------------------------------------------
-------------------- 2024-12-25 13:04:01 --------------------
Will run command python flash_detection/detection_main.py --dataset fivedirections --mode train --dist_method herding --dist_ratio 0.03 > exp_out/run_2DTC_train_fivedirections_herding_0.03_.txt
Successfull: python flash_detection/detection_main.py --dataset fivedirections --mode train --dist_method herding --dist_ratio 0.03
-------------------- 2024-12-25 13:04:06 --------------------
------------------------------------------------------------
-------------------- 2024-12-25 13:04:06 --------------------
Will run command python flash_detection/detection_main.py --dataset fivedirections --mode test --dist_method herding --dist_ratio 0.03 > exp_out/run_3DTC_test_fivedirections_herding_0.03_.txt
Successfull: python flash_detection/detection_main.py --dataset fivedirections --mode test --dist_method herding --dist_ratio 0.03
-------------------- 2024-12-25 13:04:11 --------------------
------------------------------------------------------------
------------------------------------------------------------
-------------------- 2024-12-25 13:04:11 --------------------
Will run command python flash_detection/distillation_main.py --method herding --dataset fivedirections --reduction_rate 0.01 > exp_out/run_1GC_fivedirections_herding_0.01_.txt
Successfull: python flash_detection/distillation_main.py --method herding --dataset fivedirections --reduction_rate 0.01
-------------------- 2024-12-25 13:04:22 --------------------
------------------------------------------------------------
-------------------- 2024-12-25 13:04:22 --------------------
Will run command python flash_detection/detection_main.py --dataset fivedirections --mode train --dist_method herding --dist_ratio 0.01 > exp_out/run_2DTC_train_fivedirections_herding_0.01_.txt
Successfull: python flash_detection/detection_main.py --dataset fivedirections --mode train --dist_method herding --dist_ratio 0.01
-------------------- 2024-12-25 13:04:27 --------------------
------------------------------------------------------------
-------------------- 2024-12-25 13:04:27 --------------------
Will run command python flash_detection/detection_main.py --dataset fivedirections --mode test --dist_method herding --dist_ratio 0.01 > exp_out/run_3DTC_test_fivedirections_herding_0.01_.txt
Successfull: python flash_detection/detection_main.py --dataset fivedirections --mode test --dist_method herding --dist_ratio 0.01
-------------------- 2024-12-25 13:04:32 --------------------
------------------------------------------------------------
------------------------------------------------------------
-------------------- 2024-12-25 13:04:32 --------------------
Will run command python flash_detection/distillation_main.py --method herding --dataset fivedirections --reduction_rate 0.008 > exp_out/run_1GC_fivedirections_herding_0.008_.txt
Successfull: python flash_detection/distillation_main.py --method herding --dataset fivedirections --reduction_rate 0.008
-------------------- 2024-12-25 13:04:42 --------------------
------------------------------------------------------------
-------------------- 2024-12-25 13:04:42 --------------------
Will run command python flash_detection/detection_main.py --dataset fivedirections --mode train --dist_method herding --dist_ratio 0.008 > exp_out/run_2DTC_train_fivedirections_herding_0.008_.txt
Successfull: python flash_detection/detection_main.py --dataset fivedirections --mode train --dist_method herding --dist_ratio 0.008
-------------------- 2024-12-25 13:04:47 --------------------
------------------------------------------------------------
-------------------- 2024-12-25 13:04:47 --------------------
Will run command python flash_detection/detection_main.py --dataset fivedirections --mode test --dist_method herding --dist_ratio 0.008 > exp_out/run_3DTC_test_fivedirections_herding_0.008_.txt
Successfull: python flash_detection/detection_main.py --dataset fivedirections --mode test --dist_method herding --dist_ratio 0.008
-------------------- 2024-12-25 13:04:52 --------------------
------------------------------------------------------------
------------------------------------------------------------
-------------------- 2024-12-25 13:04:52 --------------------
Will run command python flash_detection/distillation_main.py --method herding --dataset fivedirections --reduction_rate 0.006 > exp_out/run_1GC_fivedirections_herding_0.006_.txt
Successfull: python flash_detection/distillation_main.py --method herding --dataset fivedirections --reduction_rate 0.006
-------------------- 2024-12-25 13:05:02 --------------------
------------------------------------------------------------
-------------------- 2024-12-25 13:05:02 --------------------
Will run command python flash_detection/detection_main.py --dataset fivedirections --mode train --dist_method herding --dist_ratio 0.006 > exp_out/run_2DTC_train_fivedirections_herding_0.006_.txt
Successfull: python flash_detection/detection_main.py --dataset fivedirections --mode train --dist_method herding --dist_ratio 0.006
-------------------- 2024-12-25 13:05:08 --------------------
------------------------------------------------------------
-------------------- 2024-12-25 13:05:08 --------------------
Will run command python flash_detection/detection_main.py --dataset fivedirections --mode test --dist_method herding --dist_ratio 0.006 > exp_out/run_3DTC_test_fivedirections_herding_0.006_.txt
Successfull: python flash_detection/detection_main.py --dataset fivedirections --mode test --dist_method herding --dist_ratio 0.006
-------------------- 2024-12-25 13:05:12 --------------------
------------------------------------------------------------
------------------------------------------------------------
-------------------- 2024-12-25 13:05:12 --------------------
Will run command python flash_detection/distillation_main.py --method herding --dataset fivedirections --reduction_rate 0.004 > exp_out/run_1GC_fivedirections_herding_0.004_.txt
Successfull: python flash_detection/distillation_main.py --method herding --dataset fivedirections --reduction_rate 0.004
-------------------- 2024-12-25 13:05:23 --------------------
------------------------------------------------------------
-------------------- 2024-12-25 13:05:23 --------------------
Will run command python flash_detection/detection_main.py --dataset fivedirections --mode train --dist_method herding --dist_ratio 0.004 > exp_out/run_2DTC_train_fivedirections_herding_0.004_.txt
Successfull: python flash_detection/detection_main.py --dataset fivedirections --mode train --dist_method herding --dist_ratio 0.004
-------------------- 2024-12-25 13:05:28 --------------------
------------------------------------------------------------
-------------------- 2024-12-25 13:05:28 --------------------
Will run command python flash_detection/detection_main.py --dataset fivedirections --mode test --dist_method herding --dist_ratio 0.004 > exp_out/run_3DTC_test_fivedirections_herding_0.004_.txt
Successfull: python flash_detection/detection_main.py --dataset fivedirections --mode test --dist_method herding --dist_ratio 0.004
-------------------- 2024-12-25 13:05:33 --------------------
------------------------------------------------------------
------------------------------------------------------------
-------------------- 2024-12-25 13:05:33 --------------------
Will run command python flash_detection/distillation_main.py --method herding --dataset fivedirections --reduction_rate 0.002 > exp_out/run_1GC_fivedirections_herding_0.002_.txt
Successfull: python flash_detection/distillation_main.py --method herding --dataset fivedirections --reduction_rate 0.002
-------------------- 2024-12-25 13:05:43 --------------------
------------------------------------------------------------
-------------------- 2024-12-25 13:05:43 --------------------
Will run command python flash_detection/detection_main.py --dataset fivedirections --mode train --dist_method herding --dist_ratio 0.002 > exp_out/run_2DTC_train_fivedirections_herding_0.002_.txt
Successfull: python flash_detection/detection_main.py --dataset fivedirections --mode train --dist_method herding --dist_ratio 0.002
-------------------- 2024-12-25 13:05:48 --------------------
------------------------------------------------------------
-------------------- 2024-12-25 13:05:48 --------------------
Will run command python flash_detection/detection_main.py --dataset fivedirections --mode test --dist_method herding --dist_ratio 0.002 > exp_out/run_3DTC_test_fivedirections_herding_0.002_.txt
Successfull: python flash_detection/detection_main.py --dataset fivedirections --mode test --dist_method herding --dist_ratio 0.002
-------------------- 2024-12-25 13:05:53 --------------------
------------------------------------------------------------
------------------------------------------------------------
-------------------- 2024-12-25 13:05:53 --------------------
Will run command python flash_detection/distillation_main.py --method kcenter --dataset fivedirections --reduction_rate 0.05 > exp_out/run_1GC_fivedirections_kcenter_0.05_.txt
Successfull: python flash_detection/distillation_main.py --method kcenter --dataset fivedirections --reduction_rate 0.05
-------------------- 2024-12-25 13:06:04 --------------------
------------------------------------------------------------
-------------------- 2024-12-25 13:06:04 --------------------
Will run command python flash_detection/detection_main.py --dataset fivedirections --mode train --dist_method kcenter --dist_ratio 0.05 > exp_out/run_2DTC_train_fivedirections_kcenter_0.05_.txt
Successfull: python flash_detection/detection_main.py --dataset fivedirections --mode train --dist_method kcenter --dist_ratio 0.05
-------------------- 2024-12-25 13:06:09 --------------------
------------------------------------------------------------
-------------------- 2024-12-25 13:06:09 --------------------
Will run command python flash_detection/detection_main.py --dataset fivedirections --mode test --dist_method kcenter --dist_ratio 0.05 > exp_out/run_3DTC_test_fivedirections_kcenter_0.05_.txt
Successfull: python flash_detection/detection_main.py --dataset fivedirections --mode test --dist_method kcenter --dist_ratio 0.05
-------------------- 2024-12-25 13:06:14 --------------------
------------------------------------------------------------
------------------------------------------------------------
-------------------- 2024-12-25 13:06:14 --------------------
Will run command python flash_detection/distillation_main.py --method kcenter --dataset fivedirections --reduction_rate 0.03 > exp_out/run_1GC_fivedirections_kcenter_0.03_.txt
Successfull: python flash_detection/distillation_main.py --method kcenter --dataset fivedirections --reduction_rate 0.03
-------------------- 2024-12-25 13:06:25 --------------------
------------------------------------------------------------
-------------------- 2024-12-25 13:06:25 --------------------
Will run command python flash_detection/detection_main.py --dataset fivedirections --mode train --dist_method kcenter --dist_ratio 0.03 > exp_out/run_2DTC_train_fivedirections_kcenter_0.03_.txt
Successfull: python flash_detection/detection_main.py --dataset fivedirections --mode train --dist_method kcenter --dist_ratio 0.03
-------------------- 2024-12-25 13:06:30 --------------------
------------------------------------------------------------
-------------------- 2024-12-25 13:06:30 --------------------
Will run command python flash_detection/detection_main.py --dataset fivedirections --mode test --dist_method kcenter --dist_ratio 0.03 > exp_out/run_3DTC_test_fivedirections_kcenter_0.03_.txt
Successfull: python flash_detection/detection_main.py --dataset fivedirections --mode test --dist_method kcenter --dist_ratio 0.03
-------------------- 2024-12-25 13:06:35 --------------------
------------------------------------------------------------
------------------------------------------------------------
-------------------- 2024-12-25 13:06:35 --------------------
Will run command python flash_detection/distillation_main.py --method kcenter --dataset fivedirections --reduction_rate 0.01 > exp_out/run_1GC_fivedirections_kcenter_0.01_.txt
Successfull: python flash_detection/distillation_main.py --method kcenter --dataset fivedirections --reduction_rate 0.01
-------------------- 2024-12-25 13:06:45 --------------------
------------------------------------------------------------
-------------------- 2024-12-25 13:06:45 --------------------
Will run command python flash_detection/detection_main.py --dataset fivedirections --mode train --dist_method kcenter --dist_ratio 0.01 > exp_out/run_2DTC_train_fivedirections_kcenter_0.01_.txt
Successfull: python flash_detection/detection_main.py --dataset fivedirections --mode train --dist_method kcenter --dist_ratio 0.01
-------------------- 2024-12-25 13:06:51 --------------------
------------------------------------------------------------
-------------------- 2024-12-25 13:06:51 --------------------
Will run command python flash_detection/detection_main.py --dataset fivedirections --mode test --dist_method kcenter --dist_ratio 0.01 > exp_out/run_3DTC_test_fivedirections_kcenter_0.01_.txt
Successfull: python flash_detection/detection_main.py --dataset fivedirections --mode test --dist_method kcenter --dist_ratio 0.01
-------------------- 2024-12-25 13:06:55 --------------------
------------------------------------------------------------
------------------------------------------------------------
-------------------- 2024-12-25 13:06:55 --------------------
Will run command python flash_detection/distillation_main.py --method kcenter --dataset fivedirections --reduction_rate 0.008 > exp_out/run_1GC_fivedirections_kcenter_0.008_.txt
Successfull: python flash_detection/distillation_main.py --method kcenter --dataset fivedirections --reduction_rate 0.008
-------------------- 2024-12-25 13:07:06 --------------------
------------------------------------------------------------
-------------------- 2024-12-25 13:07:06 --------------------
Will run command python flash_detection/detection_main.py --dataset fivedirections --mode train --dist_method kcenter --dist_ratio 0.008 > exp_out/run_2DTC_train_fivedirections_kcenter_0.008_.txt
Successfull: python flash_detection/detection_main.py --dataset fivedirections --mode train --dist_method kcenter --dist_ratio 0.008
-------------------- 2024-12-25 13:07:11 --------------------
------------------------------------------------------------
-------------------- 2024-12-25 13:07:11 --------------------
Will run command python flash_detection/detection_main.py --dataset fivedirections --mode test --dist_method kcenter --dist_ratio 0.008 > exp_out/run_3DTC_test_fivedirections_kcenter_0.008_.txt
Successfull: python flash_detection/detection_main.py --dataset fivedirections --mode test --dist_method kcenter --dist_ratio 0.008
-------------------- 2024-12-25 13:07:16 --------------------
------------------------------------------------------------
------------------------------------------------------------
-------------------- 2024-12-25 13:07:16 --------------------
Will run command python flash_detection/distillation_main.py --method kcenter --dataset fivedirections --reduction_rate 0.006 > exp_out/run_1GC_fivedirections_kcenter_0.006_.txt
Successfull: python flash_detection/distillation_main.py --method kcenter --dataset fivedirections --reduction_rate 0.006
-------------------- 2024-12-25 13:07:27 --------------------
------------------------------------------------------------
-------------------- 2024-12-25 13:07:27 --------------------
Will run command python flash_detection/detection_main.py --dataset fivedirections --mode train --dist_method kcenter --dist_ratio 0.006 > exp_out/run_2DTC_train_fivedirections_kcenter_0.006_.txt
Successfull: python flash_detection/detection_main.py --dataset fivedirections --mode train --dist_method kcenter --dist_ratio 0.006
-------------------- 2024-12-25 13:07:32 --------------------
------------------------------------------------------------
-------------------- 2024-12-25 13:07:32 --------------------
Will run command python flash_detection/detection_main.py --dataset fivedirections --mode test --dist_method kcenter --dist_ratio 0.006 > exp_out/run_3DTC_test_fivedirections_kcenter_0.006_.txt
Successfull: python flash_detection/detection_main.py --dataset fivedirections --mode test --dist_method kcenter --dist_ratio 0.006
-------------------- 2024-12-25 13:07:37 --------------------
------------------------------------------------------------
------------------------------------------------------------
-------------------- 2024-12-25 13:07:37 --------------------
Will run command python flash_detection/distillation_main.py --method kcenter --dataset fivedirections --reduction_rate 0.004 > exp_out/run_1GC_fivedirections_kcenter_0.004_.txt
Successfull: python flash_detection/distillation_main.py --method kcenter --dataset fivedirections --reduction_rate 0.004
-------------------- 2024-12-25 13:07:47 --------------------
------------------------------------------------------------
-------------------- 2024-12-25 13:07:47 --------------------
Will run command python flash_detection/detection_main.py --dataset fivedirections --mode train --dist_method kcenter --dist_ratio 0.004 > exp_out/run_2DTC_train_fivedirections_kcenter_0.004_.txt
Successfull: python flash_detection/detection_main.py --dataset fivedirections --mode train --dist_method kcenter --dist_ratio 0.004
-------------------- 2024-12-25 13:07:52 --------------------
------------------------------------------------------------
-------------------- 2024-12-25 13:07:52 --------------------
Will run command python flash_detection/detection_main.py --dataset fivedirections --mode test --dist_method kcenter --dist_ratio 0.004 > exp_out/run_3DTC_test_fivedirections_kcenter_0.004_.txt
Successfull: python flash_detection/detection_main.py --dataset fivedirections --mode test --dist_method kcenter --dist_ratio 0.004
-------------------- 2024-12-25 13:07:57 --------------------
------------------------------------------------------------
------------------------------------------------------------
-------------------- 2024-12-25 13:07:57 --------------------
Will run command python flash_detection/distillation_main.py --method kcenter --dataset fivedirections --reduction_rate 0.002 > exp_out/run_1GC_fivedirections_kcenter_0.002_.txt
Successfull: python flash_detection/distillation_main.py --method kcenter --dataset fivedirections --reduction_rate 0.002
-------------------- 2024-12-25 13:08:08 --------------------
------------------------------------------------------------
-------------------- 2024-12-25 13:08:08 --------------------
Will run command python flash_detection/detection_main.py --dataset fivedirections --mode train --dist_method kcenter --dist_ratio 0.002 > exp_out/run_2DTC_train_fivedirections_kcenter_0.002_.txt
Successfull: python flash_detection/detection_main.py --dataset fivedirections --mode train --dist_method kcenter --dist_ratio 0.002
-------------------- 2024-12-25 13:08:13 --------------------
------------------------------------------------------------
-------------------- 2024-12-25 13:08:13 --------------------
Will run command python flash_detection/detection_main.py --dataset fivedirections --mode test --dist_method kcenter --dist_ratio 0.002 > exp_out/run_3DTC_test_fivedirections_kcenter_0.002_.txt
Successfull: python flash_detection/detection_main.py --dataset fivedirections --mode test --dist_method kcenter --dist_ratio 0.002
-------------------- 2024-12-25 13:08:18 --------------------
------------------------------------------------------------
------------------------------------------------------------
-------------------- 2024-12-25 13:08:18 --------------------
Will run command python flash_detection/distillation_main.py --method random --dataset fivedirections --reduction_rate 0.05 > exp_out/run_1GC_fivedirections_random_0.05_.txt
Successfull: python flash_detection/distillation_main.py --method random --dataset fivedirections --reduction_rate 0.05
-------------------- 2024-12-25 13:08:28 --------------------
------------------------------------------------------------
-------------------- 2024-12-25 13:08:28 --------------------
Will run command python flash_detection/detection_main.py --dataset fivedirections --mode train --dist_method random --dist_ratio 0.05 > exp_out/run_2DTC_train_fivedirections_random_0.05_.txt
Successfull: python flash_detection/detection_main.py --dataset fivedirections --mode train --dist_method random --dist_ratio 0.05
-------------------- 2024-12-25 13:08:33 --------------------
------------------------------------------------------------
-------------------- 2024-12-25 13:08:33 --------------------
Will run command python flash_detection/detection_main.py --dataset fivedirections --mode test --dist_method random --dist_ratio 0.05 > exp_out/run_3DTC_test_fivedirections_random_0.05_.txt
Successfull: python flash_detection/detection_main.py --dataset fivedirections --mode test --dist_method random --dist_ratio 0.05
-------------------- 2024-12-25 13:08:38 --------------------
------------------------------------------------------------
------------------------------------------------------------
-------------------- 2024-12-25 13:08:38 --------------------
Will run command python flash_detection/distillation_main.py --method random --dataset fivedirections --reduction_rate 0.03 > exp_out/run_1GC_fivedirections_random_0.03_.txt
Successfull: python flash_detection/distillation_main.py --method random --dataset fivedirections --reduction_rate 0.03
-------------------- 2024-12-25 13:08:48 --------------------
------------------------------------------------------------
-------------------- 2024-12-25 13:08:48 --------------------
Will run command python flash_detection/detection_main.py --dataset fivedirections --mode train --dist_method random --dist_ratio 0.03 > exp_out/run_2DTC_train_fivedirections_random_0.03_.txt
Successfull: python flash_detection/detection_main.py --dataset fivedirections --mode train --dist_method random --dist_ratio 0.03
-------------------- 2024-12-25 13:08:53 --------------------
------------------------------------------------------------
-------------------- 2024-12-25 13:08:53 --------------------
Will run command python flash_detection/detection_main.py --dataset fivedirections --mode test --dist_method random --dist_ratio 0.03 > exp_out/run_3DTC_test_fivedirections_random_0.03_.txt
Successfull: python flash_detection/detection_main.py --dataset fivedirections --mode test --dist_method random --dist_ratio 0.03
-------------------- 2024-12-25 13:08:58 --------------------
------------------------------------------------------------
------------------------------------------------------------
-------------------- 2024-12-25 13:08:58 --------------------
Will run command python flash_detection/distillation_main.py --method random --dataset fivedirections --reduction_rate 0.01 > exp_out/run_1GC_fivedirections_random_0.01_.txt
Successfull: python flash_detection/distillation_main.py --method random --dataset fivedirections --reduction_rate 0.01
-------------------- 2024-12-25 13:09:08 --------------------
------------------------------------------------------------
-------------------- 2024-12-25 13:09:08 --------------------
Will run command python flash_detection/detection_main.py --dataset fivedirections --mode train --dist_method random --dist_ratio 0.01 > exp_out/run_2DTC_train_fivedirections_random_0.01_.txt
Successfull: python flash_detection/detection_main.py --dataset fivedirections --mode train --dist_method random --dist_ratio 0.01
-------------------- 2024-12-25 13:09:14 --------------------
------------------------------------------------------------
-------------------- 2024-12-25 13:09:14 --------------------
Will run command python flash_detection/detection_main.py --dataset fivedirections --mode test --dist_method random --dist_ratio 0.01 > exp_out/run_3DTC_test_fivedirections_random_0.01_.txt
Successfull: python flash_detection/detection_main.py --dataset fivedirections --mode test --dist_method random --dist_ratio 0.01
-------------------- 2024-12-25 13:09:19 --------------------
------------------------------------------------------------
------------------------------------------------------------
-------------------- 2024-12-25 13:09:19 --------------------
Will run command python flash_detection/distillation_main.py --method random --dataset fivedirections --reduction_rate 0.008 > exp_out/run_1GC_fivedirections_random_0.008_.txt
Successfull: python flash_detection/distillation_main.py --method random --dataset fivedirections --reduction_rate 0.008
-------------------- 2024-12-25 13:09:29 --------------------
------------------------------------------------------------
-------------------- 2024-12-25 13:09:29 --------------------
Will run command python flash_detection/detection_main.py --dataset fivedirections --mode train --dist_method random --dist_ratio 0.008 > exp_out/run_2DTC_train_fivedirections_random_0.008_.txt
Successfull: python flash_detection/detection_main.py --dataset fivedirections --mode train --dist_method random --dist_ratio 0.008
-------------------- 2024-12-25 13:09:34 --------------------
------------------------------------------------------------
-------------------- 2024-12-25 13:09:34 --------------------
Will run command python flash_detection/detection_main.py --dataset fivedirections --mode test --dist_method random --dist_ratio 0.008 > exp_out/run_3DTC_test_fivedirections_random_0.008_.txt
Successfull: python flash_detection/detection_main.py --dataset fivedirections --mode test --dist_method random --dist_ratio 0.008
-------------------- 2024-12-25 13:09:39 --------------------
------------------------------------------------------------
------------------------------------------------------------
-------------------- 2024-12-25 13:09:39 --------------------
Will run command python flash_detection/distillation_main.py --method random --dataset fivedirections --reduction_rate 0.006 > exp_out/run_1GC_fivedirections_random_0.006_.txt
Successfull: python flash_detection/distillation_main.py --method random --dataset fivedirections --reduction_rate 0.006
-------------------- 2024-12-25 13:09:49 --------------------
------------------------------------------------------------
-------------------- 2024-12-25 13:09:49 --------------------
Will run command python flash_detection/detection_main.py --dataset fivedirections --mode train --dist_method random --dist_ratio 0.006 > exp_out/run_2DTC_train_fivedirections_random_0.006_.txt
Successfull: python flash_detection/detection_main.py --dataset fivedirections --mode train --dist_method random --dist_ratio 0.006
-------------------- 2024-12-25 13:09:54 --------------------
------------------------------------------------------------
-------------------- 2024-12-25 13:09:54 --------------------
Will run command python flash_detection/detection_main.py --dataset fivedirections --mode test --dist_method random --dist_ratio 0.006 > exp_out/run_3DTC_test_fivedirections_random_0.006_.txt
Successfull: python flash_detection/detection_main.py --dataset fivedirections --mode test --dist_method random --dist_ratio 0.006
-------------------- 2024-12-25 13:09:59 --------------------
------------------------------------------------------------
------------------------------------------------------------
-------------------- 2024-12-25 13:09:59 --------------------
Will run command python flash_detection/distillation_main.py --method random --dataset fivedirections --reduction_rate 0.004 > exp_out/run_1GC_fivedirections_random_0.004_.txt
Successfull: python flash_detection/distillation_main.py --method random --dataset fivedirections --reduction_rate 0.004
-------------------- 2024-12-25 13:10:09 --------------------
------------------------------------------------------------
-------------------- 2024-12-25 13:10:09 --------------------
Will run command python flash_detection/detection_main.py --dataset fivedirections --mode train --dist_method random --dist_ratio 0.004 > exp_out/run_2DTC_train_fivedirections_random_0.004_.txt
Successfull: python flash_detection/detection_main.py --dataset fivedirections --mode train --dist_method random --dist_ratio 0.004
-------------------- 2024-12-25 13:10:15 --------------------
------------------------------------------------------------
-------------------- 2024-12-25 13:10:15 --------------------
Will run command python flash_detection/detection_main.py --dataset fivedirections --mode test --dist_method random --dist_ratio 0.004 > exp_out/run_3DTC_test_fivedirections_random_0.004_.txt
Successfull: python flash_detection/detection_main.py --dataset fivedirections --mode test --dist_method random --dist_ratio 0.004
-------------------- 2024-12-25 13:10:20 --------------------
------------------------------------------------------------
------------------------------------------------------------
-------------------- 2024-12-25 13:10:20 --------------------
Will run command python flash_detection/distillation_main.py --method random --dataset fivedirections --reduction_rate 0.002 > exp_out/run_1GC_fivedirections_random_0.002_.txt
Successfull: python flash_detection/distillation_main.py --method random --dataset fivedirections --reduction_rate 0.002
-------------------- 2024-12-25 13:10:30 --------------------
------------------------------------------------------------
-------------------- 2024-12-25 13:10:30 --------------------
Will run command python flash_detection/detection_main.py --dataset fivedirections --mode train --dist_method random --dist_ratio 0.002 > exp_out/run_2DTC_train_fivedirections_random_0.002_.txt
Successfull: python flash_detection/detection_main.py --dataset fivedirections --mode train --dist_method random --dist_ratio 0.002
-------------------- 2024-12-25 13:10:35 --------------------
------------------------------------------------------------
-------------------- 2024-12-25 13:10:35 --------------------
Will run command python flash_detection/detection_main.py --dataset fivedirections --mode test --dist_method random --dist_ratio 0.002 > exp_out/run_3DTC_test_fivedirections_random_0.002_.txt
Successfull: python flash_detection/detection_main.py --dataset fivedirections --mode test --dist_method random --dist_ratio 0.002
-------------------- 2024-12-25 13:10:40 --------------------
------------------------------------------------------------
