------------------------------------------------------------
-------------------- 2024-12-27 07:48:22 --------------------
Will run command python flash_detection/distillation_main.py --method SGDD --dataset cadets --reduction_rate 0.05 > exp_out/run_1GC_cadets_SGDD_0.05_.txt
Successfull: python flash_detection/distillation_main.py --method SGDD --dataset cadets --reduction_rate 0.05
-------------------- 2024-12-27 07:49:26 --------------------
------------------------------------------------------------
-------------------- 2024-12-27 07:49:26 --------------------
Will run command python flash_detection/detection_main.py --dataset cadets --mode train --dist_method SGDD --dist_ratio 0.05 > exp_out/run_2DTC_train_cadets_SGDD_0.05_.txt
Successfull: python flash_detection/detection_main.py --dataset cadets --mode train --dist_method SGDD --dist_ratio 0.05
-------------------- 2024-12-27 07:49:31 --------------------
------------------------------------------------------------
-------------------- 2024-12-27 07:49:31 --------------------
Will run command python flash_detection/detection_main.py --dataset cadets --mode test --dist_method SGDD --dist_ratio 0.05 > exp_out/run_3DTC_test_cadets_SGDD_0.05_.txt
Successfull: python flash_detection/detection_main.py --dataset cadets --mode test --dist_method SGDD --dist_ratio 0.05
-------------------- 2024-12-27 07:49:38 --------------------
------------------------------------------------------------
------------------------------------------------------------
-------------------- 2024-12-27 07:49:38 --------------------
Will run command python flash_detection/distillation_main.py --method SGDD --dataset cadets --reduction_rate 0.03 > exp_out/run_1GC_cadets_SGDD_0.03_.txt
Successfull: python flash_detection/distillation_main.py --method SGDD --dataset cadets --reduction_rate 0.03
-------------------- 2024-12-27 07:50:05 --------------------
------------------------------------------------------------
-------------------- 2024-12-27 07:50:05 --------------------
Will run command python flash_detection/detection_main.py --dataset cadets --mode train --dist_method SGDD --dist_ratio 0.03 > exp_out/run_2DTC_train_cadets_SGDD_0.03_.txt
Successfull: python flash_detection/detection_main.py --dataset cadets --mode train --dist_method SGDD --dist_ratio 0.03
-------------------- 2024-12-27 07:50:10 --------------------
------------------------------------------------------------
-------------------- 2024-12-27 07:50:10 --------------------
Will run command python flash_detection/detection_main.py --dataset cadets --mode test --dist_method SGDD --dist_ratio 0.03 > exp_out/run_3DTC_test_cadets_SGDD_0.03_.txt
Successfull: python flash_detection/detection_main.py --dataset cadets --mode test --dist_method SGDD --dist_ratio 0.03
-------------------- 2024-12-27 07:50:17 --------------------
------------------------------------------------------------
------------------------------------------------------------
-------------------- 2024-12-27 07:50:17 --------------------
Will run command python flash_detection/distillation_main.py --method SGDD --dataset cadets --reduction_rate 0.01 > exp_out/run_1GC_cadets_SGDD_0.01_.txt
Successfull: python flash_detection/distillation_main.py --method SGDD --dataset cadets --reduction_rate 0.01
-------------------- 2024-12-27 07:50:27 --------------------
------------------------------------------------------------
-------------------- 2024-12-27 07:50:27 --------------------
Will run command python flash_detection/detection_main.py --dataset cadets --mode train --dist_method SGDD --dist_ratio 0.01 > exp_out/run_2DTC_train_cadets_SGDD_0.01_.txt
Successfull: python flash_detection/detection_main.py --dataset cadets --mode train --dist_method SGDD --dist_ratio 0.01
-------------------- 2024-12-27 07:50:32 --------------------
------------------------------------------------------------
-------------------- 2024-12-27 07:50:32 --------------------
Will run command python flash_detection/detection_main.py --dataset cadets --mode test --dist_method SGDD --dist_ratio 0.01 > exp_out/run_3DTC_test_cadets_SGDD_0.01_.txt
Successfull: python flash_detection/detection_main.py --dataset cadets --mode test --dist_method SGDD --dist_ratio 0.01
-------------------- 2024-12-27 07:50:39 --------------------
------------------------------------------------------------
------------------------------------------------------------
-------------------- 2024-12-27 07:50:39 --------------------
Will run command python flash_detection/distillation_main.py --method SGDD --dataset cadets --reduction_rate 0.008 > exp_out/run_1GC_cadets_SGDD_0.008_.txt
Successfull: python flash_detection/distillation_main.py --method SGDD --dataset cadets --reduction_rate 0.008
-------------------- 2024-12-27 07:50:48 --------------------
------------------------------------------------------------
-------------------- 2024-12-27 07:50:48 --------------------
Will run command python flash_detection/detection_main.py --dataset cadets --mode train --dist_method SGDD --dist_ratio 0.008 > exp_out/run_2DTC_train_cadets_SGDD_0.008_.txt
Successfull: python flash_detection/detection_main.py --dataset cadets --mode train --dist_method SGDD --dist_ratio 0.008
-------------------- 2024-12-27 07:50:53 --------------------
------------------------------------------------------------
-------------------- 2024-12-27 07:50:53 --------------------
Will run command python flash_detection/detection_main.py --dataset cadets --mode test --dist_method SGDD --dist_ratio 0.008 > exp_out/run_3DTC_test_cadets_SGDD_0.008_.txt
Successfull: python flash_detection/detection_main.py --dataset cadets --mode test --dist_method SGDD --dist_ratio 0.008
-------------------- 2024-12-27 07:51:00 --------------------
------------------------------------------------------------
------------------------------------------------------------
-------------------- 2024-12-27 07:51:00 --------------------
Will run command python flash_detection/distillation_main.py --method SGDD --dataset cadets --reduction_rate 0.006 > exp_out/run_1GC_cadets_SGDD_0.006_.txt
Successfull: python flash_detection/distillation_main.py --method SGDD --dataset cadets --reduction_rate 0.006
-------------------- 2024-12-27 08:36:34 --------------------
------------------------------------------------------------
-------------------- 2024-12-27 08:36:34 --------------------
Will run command python flash_detection/detection_main.py --dataset cadets --mode train --dist_method SGDD --dist_ratio 0.006 > exp_out/run_2DTC_train_cadets_SGDD_0.006_.txt
Successfull: python flash_detection/detection_main.py --dataset cadets --mode train --dist_method SGDD --dist_ratio 0.006
-------------------- 2024-12-27 08:36:41 --------------------
------------------------------------------------------------
-------------------- 2024-12-27 08:36:41 --------------------
Will run command python flash_detection/detection_main.py --dataset cadets --mode test --dist_method SGDD --dist_ratio 0.006 > exp_out/run_3DTC_test_cadets_SGDD_0.006_.txt
Successfull: python flash_detection/detection_main.py --dataset cadets --mode test --dist_method SGDD --dist_ratio 0.006
-------------------- 2024-12-27 08:37:04 --------------------
------------------------------------------------------------
------------------------------------------------------------
-------------------- 2024-12-27 08:37:04 --------------------
Will run command python flash_detection/distillation_main.py --method SGDD --dataset cadets --reduction_rate 0.004 > exp_out/run_1GC_cadets_SGDD_0.004_.txt
Successfull: python flash_detection/distillation_main.py --method SGDD --dataset cadets --reduction_rate 0.004
-------------------- 2024-12-27 08:56:04 --------------------
------------------------------------------------------------
-------------------- 2024-12-27 08:56:04 --------------------
Will run command python flash_detection/detection_main.py --dataset cadets --mode train --dist_method SGDD --dist_ratio 0.004 > exp_out/run_2DTC_train_cadets_SGDD_0.004_.txt
Successfull: python flash_detection/detection_main.py --dataset cadets --mode train --dist_method SGDD --dist_ratio 0.004
-------------------- 2024-12-27 08:56:11 --------------------
------------------------------------------------------------
-------------------- 2024-12-27 08:56:11 --------------------
Will run command python flash_detection/detection_main.py --dataset cadets --mode test --dist_method SGDD --dist_ratio 0.004 > exp_out/run_3DTC_test_cadets_SGDD_0.004_.txt
Successfull: python flash_detection/detection_main.py --dataset cadets --mode test --dist_method SGDD --dist_ratio 0.004
-------------------- 2024-12-27 08:56:34 --------------------
------------------------------------------------------------
------------------------------------------------------------
-------------------- 2024-12-27 08:56:34 --------------------
Will run command python flash_detection/distillation_main.py --method SGDD --dataset cadets --reduction_rate 0.002 > exp_out/run_1GC_cadets_SGDD_0.002_.txt
Successfull: python flash_detection/distillation_main.py --method SGDD --dataset cadets --reduction_rate 0.002
-------------------- 2024-12-27 09:02:51 --------------------
------------------------------------------------------------
-------------------- 2024-12-27 09:02:51 --------------------
Will run command python flash_detection/detection_main.py --dataset cadets --mode train --dist_method SGDD --dist_ratio 0.002 > exp_out/run_2DTC_train_cadets_SGDD_0.002_.txt
Successfull: python flash_detection/detection_main.py --dataset cadets --mode train --dist_method SGDD --dist_ratio 0.002
-------------------- 2024-12-27 09:02:57 --------------------
------------------------------------------------------------
-------------------- 2024-12-27 09:02:57 --------------------
Will run command python flash_detection/detection_main.py --dataset cadets --mode test --dist_method SGDD --dist_ratio 0.002 > exp_out/run_3DTC_test_cadets_SGDD_0.002_.txt
Successfull: python flash_detection/detection_main.py --dataset cadets --mode test --dist_method SGDD --dist_ratio 0.002
-------------------- 2024-12-27 09:03:20 --------------------
------------------------------------------------------------
------------------------------------------------------------
-------------------- 2024-12-27 09:03:20 --------------------
Will run command python flash_detection/distillation_main.py --method GCond --dataset cadets --reduction_rate 0.05 > exp_out/run_1GC_cadets_GCond_0.05_.txt
Successfull: python flash_detection/distillation_main.py --method GCond --dataset cadets --reduction_rate 0.05
-------------------- 2024-12-27 09:04:17 --------------------
------------------------------------------------------------
-------------------- 2024-12-27 09:04:17 --------------------
Will run command python flash_detection/detection_main.py --dataset cadets --mode train --dist_method GCond --dist_ratio 0.05 > exp_out/run_2DTC_train_cadets_GCond_0.05_.txt
Successfull: python flash_detection/detection_main.py --dataset cadets --mode train --dist_method GCond --dist_ratio 0.05
-------------------- 2024-12-27 09:04:22 --------------------
------------------------------------------------------------
-------------------- 2024-12-27 09:04:22 --------------------
Will run command python flash_detection/detection_main.py --dataset cadets --mode test --dist_method GCond --dist_ratio 0.05 > exp_out/run_3DTC_test_cadets_GCond_0.05_.txt
Successfull: python flash_detection/detection_main.py --dataset cadets --mode test --dist_method GCond --dist_ratio 0.05
-------------------- 2024-12-27 09:04:28 --------------------
------------------------------------------------------------
------------------------------------------------------------
-------------------- 2024-12-27 09:04:28 --------------------
Will run command python flash_detection/distillation_main.py --method GCond --dataset cadets --reduction_rate 0.03 > exp_out/run_1GC_cadets_GCond_0.03_.txt
Successfull: python flash_detection/distillation_main.py --method GCond --dataset cadets --reduction_rate 0.03
-------------------- 2024-12-27 09:04:54 --------------------
------------------------------------------------------------
-------------------- 2024-12-27 09:04:54 --------------------
Will run command python flash_detection/detection_main.py --dataset cadets --mode train --dist_method GCond --dist_ratio 0.03 > exp_out/run_2DTC_train_cadets_GCond_0.03_.txt
Successfull: python flash_detection/detection_main.py --dataset cadets --mode train --dist_method GCond --dist_ratio 0.03
-------------------- 2024-12-27 09:04:59 --------------------
------------------------------------------------------------
-------------------- 2024-12-27 09:04:59 --------------------
Will run command python flash_detection/detection_main.py --dataset cadets --mode test --dist_method GCond --dist_ratio 0.03 > exp_out/run_3DTC_test_cadets_GCond_0.03_.txt
Successfull: python flash_detection/detection_main.py --dataset cadets --mode test --dist_method GCond --dist_ratio 0.03
-------------------- 2024-12-27 09:05:06 --------------------
------------------------------------------------------------
------------------------------------------------------------
-------------------- 2024-12-27 09:05:06 --------------------
Will run command python flash_detection/distillation_main.py --method GCond --dataset cadets --reduction_rate 0.01 > exp_out/run_1GC_cadets_GCond_0.01_.txt
Successfull: python flash_detection/distillation_main.py --method GCond --dataset cadets --reduction_rate 0.01
-------------------- 2024-12-27 09:05:17 --------------------
------------------------------------------------------------
-------------------- 2024-12-27 09:05:17 --------------------
Will run command python flash_detection/detection_main.py --dataset cadets --mode train --dist_method GCond --dist_ratio 0.01 > exp_out/run_2DTC_train_cadets_GCond_0.01_.txt
Successfull: python flash_detection/detection_main.py --dataset cadets --mode train --dist_method GCond --dist_ratio 0.01
-------------------- 2024-12-27 09:05:22 --------------------
------------------------------------------------------------
-------------------- 2024-12-27 09:05:22 --------------------
Will run command python flash_detection/detection_main.py --dataset cadets --mode test --dist_method GCond --dist_ratio 0.01 > exp_out/run_3DTC_test_cadets_GCond_0.01_.txt
Successfull: python flash_detection/detection_main.py --dataset cadets --mode test --dist_method GCond --dist_ratio 0.01
-------------------- 2024-12-27 09:05:28 --------------------
------------------------------------------------------------
------------------------------------------------------------
-------------------- 2024-12-27 09:05:28 --------------------
Will run command python flash_detection/distillation_main.py --method GCond --dataset cadets --reduction_rate 0.008 > exp_out/run_1GC_cadets_GCond_0.008_.txt
Successfull: python flash_detection/distillation_main.py --method GCond --dataset cadets --reduction_rate 0.008
-------------------- 2024-12-27 09:25:00 --------------------
------------------------------------------------------------
-------------------- 2024-12-27 09:25:00 --------------------
Will run command python flash_detection/detection_main.py --dataset cadets --mode train --dist_method GCond --dist_ratio 0.008 > exp_out/run_2DTC_train_cadets_GCond_0.008_.txt
Successfull: python flash_detection/detection_main.py --dataset cadets --mode train --dist_method GCond --dist_ratio 0.008
-------------------- 2024-12-27 09:25:14 --------------------
------------------------------------------------------------
-------------------- 2024-12-27 09:25:14 --------------------
Will run command python flash_detection/detection_main.py --dataset cadets --mode test --dist_method GCond --dist_ratio 0.008 > exp_out/run_3DTC_test_cadets_GCond_0.008_.txt
Successfull: python flash_detection/detection_main.py --dataset cadets --mode test --dist_method GCond --dist_ratio 0.008
-------------------- 2024-12-27 09:25:36 --------------------
------------------------------------------------------------
------------------------------------------------------------
-------------------- 2024-12-27 09:25:36 --------------------
Will run command python flash_detection/distillation_main.py --method GCond --dataset cadets --reduction_rate 0.006 > exp_out/run_1GC_cadets_GCond_0.006_.txt
Successfull: python flash_detection/distillation_main.py --method GCond --dataset cadets --reduction_rate 0.006
-------------------- 2024-12-27 09:37:27 --------------------
------------------------------------------------------------
-------------------- 2024-12-27 09:37:27 --------------------
Will run command python flash_detection/detection_main.py --dataset cadets --mode train --dist_method GCond --dist_ratio 0.006 > exp_out/run_2DTC_train_cadets_GCond_0.006_.txt
Successfull: python flash_detection/detection_main.py --dataset cadets --mode train --dist_method GCond --dist_ratio 0.006
-------------------- 2024-12-27 09:37:36 --------------------
------------------------------------------------------------
-------------------- 2024-12-27 09:37:36 --------------------
Will run command python flash_detection/detection_main.py --dataset cadets --mode test --dist_method GCond --dist_ratio 0.006 > exp_out/run_3DTC_test_cadets_GCond_0.006_.txt
Successfull: python flash_detection/detection_main.py --dataset cadets --mode test --dist_method GCond --dist_ratio 0.006
-------------------- 2024-12-27 09:37:57 --------------------
------------------------------------------------------------
------------------------------------------------------------
-------------------- 2024-12-27 09:37:57 --------------------
Will run command python flash_detection/distillation_main.py --method GCond --dataset cadets --reduction_rate 0.004 > exp_out/run_1GC_cadets_GCond_0.004_.txt
Successfull: python flash_detection/distillation_main.py --method GCond --dataset cadets --reduction_rate 0.004
-------------------- 2024-12-27 09:44:11 --------------------
------------------------------------------------------------
-------------------- 2024-12-27 09:44:11 --------------------
Will run command python flash_detection/detection_main.py --dataset cadets --mode train --dist_method GCond --dist_ratio 0.004 > exp_out/run_2DTC_train_cadets_GCond_0.004_.txt
Successfull: python flash_detection/detection_main.py --dataset cadets --mode train --dist_method GCond --dist_ratio 0.004
-------------------- 2024-12-27 09:44:17 --------------------
------------------------------------------------------------
-------------------- 2024-12-27 09:44:17 --------------------
Will run command python flash_detection/detection_main.py --dataset cadets --mode test --dist_method GCond --dist_ratio 0.004 > exp_out/run_3DTC_test_cadets_GCond_0.004_.txt
Successfull: python flash_detection/detection_main.py --dataset cadets --mode test --dist_method GCond --dist_ratio 0.004
-------------------- 2024-12-27 09:44:39 --------------------
------------------------------------------------------------
------------------------------------------------------------
-------------------- 2024-12-27 09:44:39 --------------------
Will run command python flash_detection/distillation_main.py --method GCond --dataset cadets --reduction_rate 0.002 > exp_out/run_1GC_cadets_GCond_0.002_.txt
Successfull: python flash_detection/distillation_main.py --method GCond --dataset cadets --reduction_rate 0.002
-------------------- 2024-12-27 09:47:46 --------------------
------------------------------------------------------------
-------------------- 2024-12-27 09:47:46 --------------------
Will run command python flash_detection/detection_main.py --dataset cadets --mode train --dist_method GCond --dist_ratio 0.002 > exp_out/run_2DTC_train_cadets_GCond_0.002_.txt
Successfull: python flash_detection/detection_main.py --dataset cadets --mode train --dist_method GCond --dist_ratio 0.002
-------------------- 2024-12-27 09:47:53 --------------------
------------------------------------------------------------
-------------------- 2024-12-27 09:47:53 --------------------
Will run command python flash_detection/detection_main.py --dataset cadets --mode test --dist_method GCond --dist_ratio 0.002 > exp_out/run_3DTC_test_cadets_GCond_0.002_.txt
Successfull: python flash_detection/detection_main.py --dataset cadets --mode test --dist_method GCond --dist_ratio 0.002
-------------------- 2024-12-27 09:48:15 --------------------
------------------------------------------------------------
------------------------------------------------------------
-------------------- 2024-12-27 09:48:15 --------------------
Will run command python flash_detection/distillation_main.py --method GCDM --dataset cadets --reduction_rate 0.05 > exp_out/run_1GC_cadets_GCDM_0.05_.txt
Successfull: python flash_detection/distillation_main.py --method GCDM --dataset cadets --reduction_rate 0.05
-------------------- 2024-12-27 09:49:09 --------------------
------------------------------------------------------------
-------------------- 2024-12-27 09:49:09 --------------------
Will run command python flash_detection/detection_main.py --dataset cadets --mode train --dist_method GCDM --dist_ratio 0.05 > exp_out/run_2DTC_train_cadets_GCDM_0.05_.txt
Successfull: python flash_detection/detection_main.py --dataset cadets --mode train --dist_method GCDM --dist_ratio 0.05
-------------------- 2024-12-27 09:49:14 --------------------
------------------------------------------------------------
-------------------- 2024-12-27 09:49:14 --------------------
Will run command python flash_detection/detection_main.py --dataset cadets --mode test --dist_method GCDM --dist_ratio 0.05 > exp_out/run_3DTC_test_cadets_GCDM_0.05_.txt
Successfull: python flash_detection/detection_main.py --dataset cadets --mode test --dist_method GCDM --dist_ratio 0.05
-------------------- 2024-12-27 09:49:20 --------------------
------------------------------------------------------------
------------------------------------------------------------
-------------------- 2024-12-27 09:49:20 --------------------
Will run command python flash_detection/distillation_main.py --method GCDM --dataset cadets --reduction_rate 0.03 > exp_out/run_1GC_cadets_GCDM_0.03_.txt
Successfull: python flash_detection/distillation_main.py --method GCDM --dataset cadets --reduction_rate 0.03
-------------------- 2024-12-27 09:49:45 --------------------
------------------------------------------------------------
-------------------- 2024-12-27 09:49:45 --------------------
Will run command python flash_detection/detection_main.py --dataset cadets --mode train --dist_method GCDM --dist_ratio 0.03 > exp_out/run_2DTC_train_cadets_GCDM_0.03_.txt
Successfull: python flash_detection/detection_main.py --dataset cadets --mode train --dist_method GCDM --dist_ratio 0.03
-------------------- 2024-12-27 09:49:50 --------------------
------------------------------------------------------------
-------------------- 2024-12-27 09:49:50 --------------------
Will run command python flash_detection/detection_main.py --dataset cadets --mode test --dist_method GCDM --dist_ratio 0.03 > exp_out/run_3DTC_test_cadets_GCDM_0.03_.txt
Successfull: python flash_detection/detection_main.py --dataset cadets --mode test --dist_method GCDM --dist_ratio 0.03
-------------------- 2024-12-27 09:49:56 --------------------
------------------------------------------------------------
------------------------------------------------------------
-------------------- 2024-12-27 09:49:56 --------------------
Will run command python flash_detection/distillation_main.py --method GCDM --dataset cadets --reduction_rate 0.01 > exp_out/run_1GC_cadets_GCDM_0.01_.txt
Successfull: python flash_detection/distillation_main.py --method GCDM --dataset cadets --reduction_rate 0.01
-------------------- 2024-12-27 09:50:07 --------------------
------------------------------------------------------------
-------------------- 2024-12-27 09:50:07 --------------------
Will run command python flash_detection/detection_main.py --dataset cadets --mode train --dist_method GCDM --dist_ratio 0.01 > exp_out/run_2DTC_train_cadets_GCDM_0.01_.txt
Successfull: python flash_detection/detection_main.py --dataset cadets --mode train --dist_method GCDM --dist_ratio 0.01
-------------------- 2024-12-27 09:50:12 --------------------
------------------------------------------------------------
-------------------- 2024-12-27 09:50:12 --------------------
Will run command python flash_detection/detection_main.py --dataset cadets --mode test --dist_method GCDM --dist_ratio 0.01 > exp_out/run_3DTC_test_cadets_GCDM_0.01_.txt
Successfull: python flash_detection/detection_main.py --dataset cadets --mode test --dist_method GCDM --dist_ratio 0.01
-------------------- 2024-12-27 09:50:18 --------------------
------------------------------------------------------------
------------------------------------------------------------
-------------------- 2024-12-27 09:50:18 --------------------
Will run command python flash_detection/distillation_main.py --method GCDM --dataset cadets --reduction_rate 0.008 > exp_out/run_1GC_cadets_GCDM_0.008_.txt
Successfull: python flash_detection/distillation_main.py --method GCDM --dataset cadets --reduction_rate 0.008
-------------------- 2024-12-27 09:57:38 --------------------
------------------------------------------------------------
-------------------- 2024-12-27 09:57:38 --------------------
Will run command python flash_detection/detection_main.py --dataset cadets --mode train --dist_method GCDM --dist_ratio 0.008 > exp_out/run_2DTC_train_cadets_GCDM_0.008_.txt
Successfull: python flash_detection/detection_main.py --dataset cadets --mode train --dist_method GCDM --dist_ratio 0.008
-------------------- 2024-12-27 09:57:49 --------------------
------------------------------------------------------------
-------------------- 2024-12-27 09:57:49 --------------------
Will run command python flash_detection/detection_main.py --dataset cadets --mode test --dist_method GCDM --dist_ratio 0.008 > exp_out/run_3DTC_test_cadets_GCDM_0.008_.txt
Successfull: python flash_detection/detection_main.py --dataset cadets --mode test --dist_method GCDM --dist_ratio 0.008
-------------------- 2024-12-27 09:58:11 --------------------
------------------------------------------------------------
------------------------------------------------------------
-------------------- 2024-12-27 09:58:11 --------------------
Will run command python flash_detection/distillation_main.py --method GCDM --dataset cadets --reduction_rate 0.006 > exp_out/run_1GC_cadets_GCDM_0.006_.txt
Successfull: python flash_detection/distillation_main.py --method GCDM --dataset cadets --reduction_rate 0.006
-------------------- 2024-12-27 10:05:14 --------------------
------------------------------------------------------------
-------------------- 2024-12-27 10:05:14 --------------------
Will run command python flash_detection/detection_main.py --dataset cadets --mode train --dist_method GCDM --dist_ratio 0.006 > exp_out/run_2DTC_train_cadets_GCDM_0.006_.txt
Successfull: python flash_detection/detection_main.py --dataset cadets --mode train --dist_method GCDM --dist_ratio 0.006
-------------------- 2024-12-27 10:05:21 --------------------
------------------------------------------------------------
-------------------- 2024-12-27 10:05:21 --------------------
Will run command python flash_detection/detection_main.py --dataset cadets --mode test --dist_method GCDM --dist_ratio 0.006 > exp_out/run_3DTC_test_cadets_GCDM_0.006_.txt
Successfull: python flash_detection/detection_main.py --dataset cadets --mode test --dist_method GCDM --dist_ratio 0.006
-------------------- 2024-12-27 10:05:43 --------------------
------------------------------------------------------------
------------------------------------------------------------
-------------------- 2024-12-27 10:05:43 --------------------
Will run command python flash_detection/distillation_main.py --method GCDM --dataset cadets --reduction_rate 0.004 > exp_out/run_1GC_cadets_GCDM_0.004_.txt
Successfull: python flash_detection/distillation_main.py --method GCDM --dataset cadets --reduction_rate 0.004
-------------------- 2024-12-27 10:12:27 --------------------
------------------------------------------------------------
-------------------- 2024-12-27 10:12:27 --------------------
Will run command python flash_detection/detection_main.py --dataset cadets --mode train --dist_method GCDM --dist_ratio 0.004 > exp_out/run_2DTC_train_cadets_GCDM_0.004_.txt
Successfull: python flash_detection/detection_main.py --dataset cadets --mode train --dist_method GCDM --dist_ratio 0.004
-------------------- 2024-12-27 10:12:34 --------------------
------------------------------------------------------------
-------------------- 2024-12-27 10:12:34 --------------------
Will run command python flash_detection/detection_main.py --dataset cadets --mode test --dist_method GCDM --dist_ratio 0.004 > exp_out/run_3DTC_test_cadets_GCDM_0.004_.txt
Successfull: python flash_detection/detection_main.py --dataset cadets --mode test --dist_method GCDM --dist_ratio 0.004
-------------------- 2024-12-27 10:12:55 --------------------
------------------------------------------------------------
------------------------------------------------------------
-------------------- 2024-12-27 10:12:55 --------------------
Will run command python flash_detection/distillation_main.py --method GCDM --dataset cadets --reduction_rate 0.002 > exp_out/run_1GC_cadets_GCDM_0.002_.txt
Successfull: python flash_detection/distillation_main.py --method GCDM --dataset cadets --reduction_rate 0.002
-------------------- 2024-12-27 10:19:31 --------------------
------------------------------------------------------------
-------------------- 2024-12-27 10:19:31 --------------------
Will run command python flash_detection/detection_main.py --dataset cadets --mode train --dist_method GCDM --dist_ratio 0.002 > exp_out/run_2DTC_train_cadets_GCDM_0.002_.txt
Successfull: python flash_detection/detection_main.py --dataset cadets --mode train --dist_method GCDM --dist_ratio 0.002
-------------------- 2024-12-27 10:19:37 --------------------
------------------------------------------------------------
-------------------- 2024-12-27 10:19:37 --------------------
Will run command python flash_detection/detection_main.py --dataset cadets --mode test --dist_method GCDM --dist_ratio 0.002 > exp_out/run_3DTC_test_cadets_GCDM_0.002_.txt
Successfull: python flash_detection/detection_main.py --dataset cadets --mode test --dist_method GCDM --dist_ratio 0.002
-------------------- 2024-12-27 10:19:58 --------------------
------------------------------------------------------------
------------------------------------------------------------
-------------------- 2024-12-27 10:19:58 --------------------
Will run command python flash_detection/distillation_main.py --method herding --dataset cadets --reduction_rate 0.05 > exp_out/run_1GC_cadets_herding_0.05_.txt
Successfull: python flash_detection/distillation_main.py --method herding --dataset cadets --reduction_rate 0.05
-------------------- 2024-12-27 10:25:41 --------------------
------------------------------------------------------------
-------------------- 2024-12-27 10:25:41 --------------------
Will run command python flash_detection/detection_main.py --dataset cadets --mode train --dist_method herding --dist_ratio 0.05 > exp_out/run_2DTC_train_cadets_herding_0.05_.txt
Successfull: python flash_detection/detection_main.py --dataset cadets --mode train --dist_method herding --dist_ratio 0.05
-------------------- 2024-12-27 10:25:47 --------------------
------------------------------------------------------------
-------------------- 2024-12-27 10:25:47 --------------------
Will run command python flash_detection/detection_main.py --dataset cadets --mode test --dist_method herding --dist_ratio 0.05 > exp_out/run_3DTC_test_cadets_herding_0.05_.txt
Successfull: python flash_detection/detection_main.py --dataset cadets --mode test --dist_method herding --dist_ratio 0.05
-------------------- 2024-12-27 10:26:08 --------------------
------------------------------------------------------------
------------------------------------------------------------
-------------------- 2024-12-27 10:26:08 --------------------
Will run command python flash_detection/distillation_main.py --method herding --dataset cadets --reduction_rate 0.03 > exp_out/run_1GC_cadets_herding_0.03_.txt
Successfull: python flash_detection/distillation_main.py --method herding --dataset cadets --reduction_rate 0.03
-------------------- 2024-12-27 10:30:31 --------------------
------------------------------------------------------------
-------------------- 2024-12-27 10:30:31 --------------------
Will run command python flash_detection/detection_main.py --dataset cadets --mode train --dist_method herding --dist_ratio 0.03 > exp_out/run_2DTC_train_cadets_herding_0.03_.txt
Successfull: python flash_detection/detection_main.py --dataset cadets --mode train --dist_method herding --dist_ratio 0.03
-------------------- 2024-12-27 10:30:37 --------------------
------------------------------------------------------------
-------------------- 2024-12-27 10:30:37 --------------------
Will run command python flash_detection/detection_main.py --dataset cadets --mode test --dist_method herding --dist_ratio 0.03 > exp_out/run_3DTC_test_cadets_herding_0.03_.txt
Successfull: python flash_detection/detection_main.py --dataset cadets --mode test --dist_method herding --dist_ratio 0.03
-------------------- 2024-12-27 10:30:58 --------------------
------------------------------------------------------------
------------------------------------------------------------
-------------------- 2024-12-27 10:30:58 --------------------
Will run command python flash_detection/distillation_main.py --method herding --dataset cadets --reduction_rate 0.01 > exp_out/run_1GC_cadets_herding_0.01_.txt
Successfull: python flash_detection/distillation_main.py --method herding --dataset cadets --reduction_rate 0.01
-------------------- 2024-12-27 10:34:01 --------------------
------------------------------------------------------------
-------------------- 2024-12-27 10:34:01 --------------------
Will run command python flash_detection/detection_main.py --dataset cadets --mode train --dist_method herding --dist_ratio 0.01 > exp_out/run_2DTC_train_cadets_herding_0.01_.txt
Successfull: python flash_detection/detection_main.py --dataset cadets --mode train --dist_method herding --dist_ratio 0.01
-------------------- 2024-12-27 10:34:06 --------------------
------------------------------------------------------------
-------------------- 2024-12-27 10:34:06 --------------------
Will run command python flash_detection/detection_main.py --dataset cadets --mode test --dist_method herding --dist_ratio 0.01 > exp_out/run_3DTC_test_cadets_herding_0.01_.txt
Successfull: python flash_detection/detection_main.py --dataset cadets --mode test --dist_method herding --dist_ratio 0.01
-------------------- 2024-12-27 10:34:27 --------------------
------------------------------------------------------------
------------------------------------------------------------
-------------------- 2024-12-27 10:34:27 --------------------
Will run command python flash_detection/distillation_main.py --method herding --dataset cadets --reduction_rate 0.008 > exp_out/run_1GC_cadets_herding_0.008_.txt
Successfull: python flash_detection/distillation_main.py --method herding --dataset cadets --reduction_rate 0.008
-------------------- 2024-12-27 10:37:23 --------------------
------------------------------------------------------------
-------------------- 2024-12-27 10:37:23 --------------------
Will run command python flash_detection/detection_main.py --dataset cadets --mode train --dist_method herding --dist_ratio 0.008 > exp_out/run_2DTC_train_cadets_herding_0.008_.txt
Successfull: python flash_detection/detection_main.py --dataset cadets --mode train --dist_method herding --dist_ratio 0.008
-------------------- 2024-12-27 10:37:28 --------------------
------------------------------------------------------------
-------------------- 2024-12-27 10:37:28 --------------------
Will run command python flash_detection/detection_main.py --dataset cadets --mode test --dist_method herding --dist_ratio 0.008 > exp_out/run_3DTC_test_cadets_herding_0.008_.txt
Successfull: python flash_detection/detection_main.py --dataset cadets --mode test --dist_method herding --dist_ratio 0.008
-------------------- 2024-12-27 10:37:49 --------------------
------------------------------------------------------------
------------------------------------------------------------
-------------------- 2024-12-27 10:37:49 --------------------
Will run command python flash_detection/distillation_main.py --method herding --dataset cadets --reduction_rate 0.006 > exp_out/run_1GC_cadets_herding_0.006_.txt
Successfull: python flash_detection/distillation_main.py --method herding --dataset cadets --reduction_rate 0.006
-------------------- 2024-12-27 10:40:37 --------------------
------------------------------------------------------------
-------------------- 2024-12-27 10:40:37 --------------------
Will run command python flash_detection/detection_main.py --dataset cadets --mode train --dist_method herding --dist_ratio 0.006 > exp_out/run_2DTC_train_cadets_herding_0.006_.txt
Successfull: python flash_detection/detection_main.py --dataset cadets --mode train --dist_method herding --dist_ratio 0.006
-------------------- 2024-12-27 10:40:43 --------------------
------------------------------------------------------------
-------------------- 2024-12-27 10:40:43 --------------------
Will run command python flash_detection/detection_main.py --dataset cadets --mode test --dist_method herding --dist_ratio 0.006 > exp_out/run_3DTC_test_cadets_herding_0.006_.txt
Successfull: python flash_detection/detection_main.py --dataset cadets --mode test --dist_method herding --dist_ratio 0.006
-------------------- 2024-12-27 10:41:04 --------------------
------------------------------------------------------------
------------------------------------------------------------
-------------------- 2024-12-27 10:41:04 --------------------
Will run command python flash_detection/distillation_main.py --method herding --dataset cadets --reduction_rate 0.004 > exp_out/run_1GC_cadets_herding_0.004_.txt
Successfull: python flash_detection/distillation_main.py --method herding --dataset cadets --reduction_rate 0.004
-------------------- 2024-12-27 10:43:44 --------------------
------------------------------------------------------------
-------------------- 2024-12-27 10:43:44 --------------------
Will run command python flash_detection/detection_main.py --dataset cadets --mode train --dist_method herding --dist_ratio 0.004 > exp_out/run_2DTC_train_cadets_herding_0.004_.txt
Successfull: python flash_detection/detection_main.py --dataset cadets --mode train --dist_method herding --dist_ratio 0.004
-------------------- 2024-12-27 10:43:50 --------------------
------------------------------------------------------------
-------------------- 2024-12-27 10:43:50 --------------------
Will run command python flash_detection/detection_main.py --dataset cadets --mode test --dist_method herding --dist_ratio 0.004 > exp_out/run_3DTC_test_cadets_herding_0.004_.txt
Successfull: python flash_detection/detection_main.py --dataset cadets --mode test --dist_method herding --dist_ratio 0.004
-------------------- 2024-12-27 10:44:11 --------------------
------------------------------------------------------------
------------------------------------------------------------
-------------------- 2024-12-27 10:44:11 --------------------
Will run command python flash_detection/distillation_main.py --method herding --dataset cadets --reduction_rate 0.002 > exp_out/run_1GC_cadets_herding_0.002_.txt
Successfull: python flash_detection/distillation_main.py --method herding --dataset cadets --reduction_rate 0.002
-------------------- 2024-12-27 10:46:42 --------------------
------------------------------------------------------------
-------------------- 2024-12-27 10:46:42 --------------------
Will run command python flash_detection/detection_main.py --dataset cadets --mode train --dist_method herding --dist_ratio 0.002 > exp_out/run_2DTC_train_cadets_herding_0.002_.txt
Successfull: python flash_detection/detection_main.py --dataset cadets --mode train --dist_method herding --dist_ratio 0.002
-------------------- 2024-12-27 10:46:48 --------------------
------------------------------------------------------------
-------------------- 2024-12-27 10:46:48 --------------------
Will run command python flash_detection/detection_main.py --dataset cadets --mode test --dist_method herding --dist_ratio 0.002 > exp_out/run_3DTC_test_cadets_herding_0.002_.txt
Successfull: python flash_detection/detection_main.py --dataset cadets --mode test --dist_method herding --dist_ratio 0.002
-------------------- 2024-12-27 10:47:09 --------------------
------------------------------------------------------------
------------------------------------------------------------
-------------------- 2024-12-27 10:47:09 --------------------
Will run command python flash_detection/distillation_main.py --method kcenter --dataset cadets --reduction_rate 0.05 > exp_out/run_1GC_cadets_kcenter_0.05_.txt
Successfull: python flash_detection/distillation_main.py --method kcenter --dataset cadets --reduction_rate 0.05
-------------------- 2024-12-27 10:57:54 --------------------
------------------------------------------------------------
-------------------- 2024-12-27 10:57:54 --------------------
Will run command python flash_detection/detection_main.py --dataset cadets --mode train --dist_method kcenter --dist_ratio 0.05 > exp_out/run_2DTC_train_cadets_kcenter_0.05_.txt
Successfull: python flash_detection/detection_main.py --dataset cadets --mode train --dist_method kcenter --dist_ratio 0.05
-------------------- 2024-12-27 10:58:02 --------------------
------------------------------------------------------------
-------------------- 2024-12-27 10:58:02 --------------------
Will run command python flash_detection/detection_main.py --dataset cadets --mode test --dist_method kcenter --dist_ratio 0.05 > exp_out/run_3DTC_test_cadets_kcenter_0.05_.txt
Successfull: python flash_detection/detection_main.py --dataset cadets --mode test --dist_method kcenter --dist_ratio 0.05
-------------------- 2024-12-27 10:58:22 --------------------
------------------------------------------------------------
------------------------------------------------------------
-------------------- 2024-12-27 10:58:22 --------------------
Will run command python flash_detection/distillation_main.py --method kcenter --dataset cadets --reduction_rate 0.03 > exp_out/run_1GC_cadets_kcenter_0.03_.txt
Successfull: python flash_detection/distillation_main.py --method kcenter --dataset cadets --reduction_rate 0.03
-------------------- 2024-12-27 11:03:48 --------------------
------------------------------------------------------------
-------------------- 2024-12-27 11:03:48 --------------------
Will run command python flash_detection/detection_main.py --dataset cadets --mode train --dist_method kcenter --dist_ratio 0.03 > exp_out/run_2DTC_train_cadets_kcenter_0.03_.txt
Successfull: python flash_detection/detection_main.py --dataset cadets --mode train --dist_method kcenter --dist_ratio 0.03
-------------------- 2024-12-27 11:03:53 --------------------
------------------------------------------------------------
-------------------- 2024-12-27 11:03:53 --------------------
Will run command python flash_detection/detection_main.py --dataset cadets --mode test --dist_method kcenter --dist_ratio 0.03 > exp_out/run_3DTC_test_cadets_kcenter_0.03_.txt
Successfull: python flash_detection/detection_main.py --dataset cadets --mode test --dist_method kcenter --dist_ratio 0.03
-------------------- 2024-12-27 11:04:14 --------------------
------------------------------------------------------------
------------------------------------------------------------
-------------------- 2024-12-27 11:04:14 --------------------
Will run command python flash_detection/distillation_main.py --method kcenter --dataset cadets --reduction_rate 0.01 > exp_out/run_1GC_cadets_kcenter_0.01_.txt
Successfull: python flash_detection/distillation_main.py --method kcenter --dataset cadets --reduction_rate 0.01
-------------------- 2024-12-27 11:06:58 --------------------
------------------------------------------------------------
-------------------- 2024-12-27 11:06:58 --------------------
Will run command python flash_detection/detection_main.py --dataset cadets --mode train --dist_method kcenter --dist_ratio 0.01 > exp_out/run_2DTC_train_cadets_kcenter_0.01_.txt
Successfull: python flash_detection/detection_main.py --dataset cadets --mode train --dist_method kcenter --dist_ratio 0.01
-------------------- 2024-12-27 11:07:04 --------------------
------------------------------------------------------------
-------------------- 2024-12-27 11:07:04 --------------------
Will run command python flash_detection/detection_main.py --dataset cadets --mode test --dist_method kcenter --dist_ratio 0.01 > exp_out/run_3DTC_test_cadets_kcenter_0.01_.txt
Successfull: python flash_detection/detection_main.py --dataset cadets --mode test --dist_method kcenter --dist_ratio 0.01
-------------------- 2024-12-27 11:07:24 --------------------
------------------------------------------------------------
------------------------------------------------------------
-------------------- 2024-12-27 11:07:24 --------------------
Will run command python flash_detection/distillation_main.py --method kcenter --dataset cadets --reduction_rate 0.008 > exp_out/run_1GC_cadets_kcenter_0.008_.txt
Successfull: python flash_detection/distillation_main.py --method kcenter --dataset cadets --reduction_rate 0.008
-------------------- 2024-12-27 11:10:01 --------------------
------------------------------------------------------------
-------------------- 2024-12-27 11:10:01 --------------------
Will run command python flash_detection/detection_main.py --dataset cadets --mode train --dist_method kcenter --dist_ratio 0.008 > exp_out/run_2DTC_train_cadets_kcenter_0.008_.txt
Successfull: python flash_detection/detection_main.py --dataset cadets --mode train --dist_method kcenter --dist_ratio 0.008
-------------------- 2024-12-27 11:10:06 --------------------
------------------------------------------------------------
-------------------- 2024-12-27 11:10:06 --------------------
Will run command python flash_detection/detection_main.py --dataset cadets --mode test --dist_method kcenter --dist_ratio 0.008 > exp_out/run_3DTC_test_cadets_kcenter_0.008_.txt
Successfull: python flash_detection/detection_main.py --dataset cadets --mode test --dist_method kcenter --dist_ratio 0.008
-------------------- 2024-12-27 11:10:27 --------------------
------------------------------------------------------------
------------------------------------------------------------
-------------------- 2024-12-27 11:10:27 --------------------
Will run command python flash_detection/distillation_main.py --method kcenter --dataset cadets --reduction_rate 0.006 > exp_out/run_1GC_cadets_kcenter_0.006_.txt
Successfull: python flash_detection/distillation_main.py --method kcenter --dataset cadets --reduction_rate 0.006
-------------------- 2024-12-27 11:12:58 --------------------
------------------------------------------------------------
-------------------- 2024-12-27 11:12:58 --------------------
Will run command python flash_detection/detection_main.py --dataset cadets --mode train --dist_method kcenter --dist_ratio 0.006 > exp_out/run_2DTC_train_cadets_kcenter_0.006_.txt
Successfull: python flash_detection/detection_main.py --dataset cadets --mode train --dist_method kcenter --dist_ratio 0.006
-------------------- 2024-12-27 11:13:04 --------------------
------------------------------------------------------------
-------------------- 2024-12-27 11:13:04 --------------------
Will run command python flash_detection/detection_main.py --dataset cadets --mode test --dist_method kcenter --dist_ratio 0.006 > exp_out/run_3DTC_test_cadets_kcenter_0.006_.txt
Successfull: python flash_detection/detection_main.py --dataset cadets --mode test --dist_method kcenter --dist_ratio 0.006
-------------------- 2024-12-27 11:13:24 --------------------
------------------------------------------------------------
------------------------------------------------------------
-------------------- 2024-12-27 11:13:24 --------------------
Will run command python flash_detection/distillation_main.py --method kcenter --dataset cadets --reduction_rate 0.004 > exp_out/run_1GC_cadets_kcenter_0.004_.txt
Successfull: python flash_detection/distillation_main.py --method kcenter --dataset cadets --reduction_rate 0.004
-------------------- 2024-12-27 11:15:51 --------------------
------------------------------------------------------------
-------------------- 2024-12-27 11:15:51 --------------------
Will run command python flash_detection/detection_main.py --dataset cadets --mode train --dist_method kcenter --dist_ratio 0.004 > exp_out/run_2DTC_train_cadets_kcenter_0.004_.txt
Successfull: python flash_detection/detection_main.py --dataset cadets --mode train --dist_method kcenter --dist_ratio 0.004
-------------------- 2024-12-27 11:15:57 --------------------
------------------------------------------------------------
-------------------- 2024-12-27 11:15:57 --------------------
Will run command python flash_detection/detection_main.py --dataset cadets --mode test --dist_method kcenter --dist_ratio 0.004 > exp_out/run_3DTC_test_cadets_kcenter_0.004_.txt
Successfull: python flash_detection/detection_main.py --dataset cadets --mode test --dist_method kcenter --dist_ratio 0.004
-------------------- 2024-12-27 11:16:17 --------------------
------------------------------------------------------------
------------------------------------------------------------
-------------------- 2024-12-27 11:16:17 --------------------
Will run command python flash_detection/distillation_main.py --method kcenter --dataset cadets --reduction_rate 0.002 > exp_out/run_1GC_cadets_kcenter_0.002_.txt
Successfull: python flash_detection/distillation_main.py --method kcenter --dataset cadets --reduction_rate 0.002
-------------------- 2024-12-27 11:18:42 --------------------
------------------------------------------------------------
-------------------- 2024-12-27 11:18:42 --------------------
Will run command python flash_detection/detection_main.py --dataset cadets --mode train --dist_method kcenter --dist_ratio 0.002 > exp_out/run_2DTC_train_cadets_kcenter_0.002_.txt
Successfull: python flash_detection/detection_main.py --dataset cadets --mode train --dist_method kcenter --dist_ratio 0.002
-------------------- 2024-12-27 11:18:47 --------------------
------------------------------------------------------------
-------------------- 2024-12-27 11:18:47 --------------------
Will run command python flash_detection/detection_main.py --dataset cadets --mode test --dist_method kcenter --dist_ratio 0.002 > exp_out/run_3DTC_test_cadets_kcenter_0.002_.txt
Successfull: python flash_detection/detection_main.py --dataset cadets --mode test --dist_method kcenter --dist_ratio 0.002
-------------------- 2024-12-27 11:19:07 --------------------
------------------------------------------------------------
------------------------------------------------------------
-------------------- 2024-12-27 11:19:07 --------------------
Will run command python flash_detection/distillation_main.py --method random --dataset cadets --reduction_rate 0.05 > exp_out/run_1GC_cadets_random_0.05_.txt
Successfull: python flash_detection/distillation_main.py --method random --dataset cadets --reduction_rate 0.05
-------------------- 2024-12-27 11:21:31 --------------------
------------------------------------------------------------
-------------------- 2024-12-27 11:21:31 --------------------
Will run command python flash_detection/detection_main.py --dataset cadets --mode train --dist_method random --dist_ratio 0.05 > exp_out/run_2DTC_train_cadets_random_0.05_.txt
Successfull: python flash_detection/detection_main.py --dataset cadets --mode train --dist_method random --dist_ratio 0.05
-------------------- 2024-12-27 11:21:37 --------------------
------------------------------------------------------------
-------------------- 2024-12-27 11:21:37 --------------------
Will run command python flash_detection/detection_main.py --dataset cadets --mode test --dist_method random --dist_ratio 0.05 > exp_out/run_3DTC_test_cadets_random_0.05_.txt
Successfull: python flash_detection/detection_main.py --dataset cadets --mode test --dist_method random --dist_ratio 0.05
-------------------- 2024-12-27 11:21:57 --------------------
------------------------------------------------------------
------------------------------------------------------------
-------------------- 2024-12-27 11:21:57 --------------------
Will run command python flash_detection/distillation_main.py --method random --dataset cadets --reduction_rate 0.03 > exp_out/run_1GC_cadets_random_0.03_.txt
Successfull: python flash_detection/distillation_main.py --method random --dataset cadets --reduction_rate 0.03
-------------------- 2024-12-27 11:24:21 --------------------
------------------------------------------------------------
-------------------- 2024-12-27 11:24:21 --------------------
Will run command python flash_detection/detection_main.py --dataset cadets --mode train --dist_method random --dist_ratio 0.03 > exp_out/run_2DTC_train_cadets_random_0.03_.txt
Successfull: python flash_detection/detection_main.py --dataset cadets --mode train --dist_method random --dist_ratio 0.03
-------------------- 2024-12-27 11:24:27 --------------------
------------------------------------------------------------
-------------------- 2024-12-27 11:24:27 --------------------
Will run command python flash_detection/detection_main.py --dataset cadets --mode test --dist_method random --dist_ratio 0.03 > exp_out/run_3DTC_test_cadets_random_0.03_.txt
Successfull: python flash_detection/detection_main.py --dataset cadets --mode test --dist_method random --dist_ratio 0.03
-------------------- 2024-12-27 11:24:47 --------------------
------------------------------------------------------------
------------------------------------------------------------
-------------------- 2024-12-27 11:24:47 --------------------
Will run command python flash_detection/distillation_main.py --method random --dataset cadets --reduction_rate 0.01 > exp_out/run_1GC_cadets_random_0.01_.txt
Successfull: python flash_detection/distillation_main.py --method random --dataset cadets --reduction_rate 0.01
-------------------- 2024-12-27 11:27:11 --------------------
------------------------------------------------------------
-------------------- 2024-12-27 11:27:11 --------------------
Will run command python flash_detection/detection_main.py --dataset cadets --mode train --dist_method random --dist_ratio 0.01 > exp_out/run_2DTC_train_cadets_random_0.01_.txt
Successfull: python flash_detection/detection_main.py --dataset cadets --mode train --dist_method random --dist_ratio 0.01
-------------------- 2024-12-27 11:27:16 --------------------
------------------------------------------------------------
-------------------- 2024-12-27 11:27:16 --------------------
Will run command python flash_detection/detection_main.py --dataset cadets --mode test --dist_method random --dist_ratio 0.01 > exp_out/run_3DTC_test_cadets_random_0.01_.txt
Successfull: python flash_detection/detection_main.py --dataset cadets --mode test --dist_method random --dist_ratio 0.01
-------------------- 2024-12-27 11:27:37 --------------------
------------------------------------------------------------
------------------------------------------------------------
-------------------- 2024-12-27 11:27:37 --------------------
Will run command python flash_detection/distillation_main.py --method random --dataset cadets --reduction_rate 0.008 > exp_out/run_1GC_cadets_random_0.008_.txt
Successfull: python flash_detection/distillation_main.py --method random --dataset cadets --reduction_rate 0.008
-------------------- 2024-12-27 11:30:00 --------------------
------------------------------------------------------------
-------------------- 2024-12-27 11:30:00 --------------------
Will run command python flash_detection/detection_main.py --dataset cadets --mode train --dist_method random --dist_ratio 0.008 > exp_out/run_2DTC_train_cadets_random_0.008_.txt
Successfull: python flash_detection/detection_main.py --dataset cadets --mode train --dist_method random --dist_ratio 0.008
-------------------- 2024-12-27 11:30:06 --------------------
------------------------------------------------------------
-------------------- 2024-12-27 11:30:06 --------------------
Will run command python flash_detection/detection_main.py --dataset cadets --mode test --dist_method random --dist_ratio 0.008 > exp_out/run_3DTC_test_cadets_random_0.008_.txt
Successfull: python flash_detection/detection_main.py --dataset cadets --mode test --dist_method random --dist_ratio 0.008
-------------------- 2024-12-27 11:30:27 --------------------
------------------------------------------------------------
------------------------------------------------------------
-------------------- 2024-12-27 11:30:27 --------------------
Will run command python flash_detection/distillation_main.py --method random --dataset cadets --reduction_rate 0.006 > exp_out/run_1GC_cadets_random_0.006_.txt
Successfull: python flash_detection/distillation_main.py --method random --dataset cadets --reduction_rate 0.006
-------------------- 2024-12-27 11:32:50 --------------------
------------------------------------------------------------
-------------------- 2024-12-27 11:32:50 --------------------
Will run command python flash_detection/detection_main.py --dataset cadets --mode train --dist_method random --dist_ratio 0.006 > exp_out/run_2DTC_train_cadets_random_0.006_.txt
Successfull: python flash_detection/detection_main.py --dataset cadets --mode train --dist_method random --dist_ratio 0.006
-------------------- 2024-12-27 11:32:56 --------------------
------------------------------------------------------------
-------------------- 2024-12-27 11:32:56 --------------------
Will run command python flash_detection/detection_main.py --dataset cadets --mode test --dist_method random --dist_ratio 0.006 > exp_out/run_3DTC_test_cadets_random_0.006_.txt
Successfull: python flash_detection/detection_main.py --dataset cadets --mode test --dist_method random --dist_ratio 0.006
-------------------- 2024-12-27 11:33:17 --------------------
------------------------------------------------------------
------------------------------------------------------------
-------------------- 2024-12-27 11:33:17 --------------------
Will run command python flash_detection/distillation_main.py --method random --dataset cadets --reduction_rate 0.004 > exp_out/run_1GC_cadets_random_0.004_.txt
Successfull: python flash_detection/distillation_main.py --method random --dataset cadets --reduction_rate 0.004
-------------------- 2024-12-27 11:35:40 --------------------
------------------------------------------------------------
-------------------- 2024-12-27 11:35:40 --------------------
Will run command python flash_detection/detection_main.py --dataset cadets --mode train --dist_method random --dist_ratio 0.004 > exp_out/run_2DTC_train_cadets_random_0.004_.txt
Successfull: python flash_detection/detection_main.py --dataset cadets --mode train --dist_method random --dist_ratio 0.004
-------------------- 2024-12-27 11:35:46 --------------------
------------------------------------------------------------
-------------------- 2024-12-27 11:35:46 --------------------
Will run command python flash_detection/detection_main.py --dataset cadets --mode test --dist_method random --dist_ratio 0.004 > exp_out/run_3DTC_test_cadets_random_0.004_.txt
Successfull: python flash_detection/detection_main.py --dataset cadets --mode test --dist_method random --dist_ratio 0.004
-------------------- 2024-12-27 11:36:08 --------------------
------------------------------------------------------------
------------------------------------------------------------
-------------------- 2024-12-27 11:36:08 --------------------
Will run command python flash_detection/distillation_main.py --method random --dataset cadets --reduction_rate 0.002 > exp_out/run_1GC_cadets_random_0.002_.txt
Successfull: python flash_detection/distillation_main.py --method random --dataset cadets --reduction_rate 0.002
-------------------- 2024-12-27 11:38:31 --------------------
------------------------------------------------------------
-------------------- 2024-12-27 11:38:31 --------------------
Will run command python flash_detection/detection_main.py --dataset cadets --mode train --dist_method random --dist_ratio 0.002 > exp_out/run_2DTC_train_cadets_random_0.002_.txt
Successfull: python flash_detection/detection_main.py --dataset cadets --mode train --dist_method random --dist_ratio 0.002
-------------------- 2024-12-27 11:38:37 --------------------
------------------------------------------------------------
-------------------- 2024-12-27 11:38:37 --------------------
Will run command python flash_detection/detection_main.py --dataset cadets --mode test --dist_method random --dist_ratio 0.002 > exp_out/run_3DTC_test_cadets_random_0.002_.txt
Successfull: python flash_detection/detection_main.py --dataset cadets --mode test --dist_method random --dist_ratio 0.002
-------------------- 2024-12-27 11:38:58 --------------------
------------------------------------------------------------
------------------------------------------------------------
-------------------- 2024-12-27 11:38:58 --------------------
Will run command python flash_detection/distillation_main.py --method SGDD --dataset theia --reduction_rate 0.05 > exp_out/run_1GC_theia_SGDD_0.05_.txt
Successfull: python flash_detection/distillation_main.py --method SGDD --dataset theia --reduction_rate 0.05
-------------------- 2024-12-27 11:39:45 --------------------
------------------------------------------------------------
-------------------- 2024-12-27 11:39:45 --------------------
Will run command python flash_detection/detection_main.py --dataset theia --mode train --dist_method SGDD --dist_ratio 0.05 > exp_out/run_2DTC_train_theia_SGDD_0.05_.txt
Successfull: python flash_detection/detection_main.py --dataset theia --mode train --dist_method SGDD --dist_ratio 0.05
-------------------- 2024-12-27 11:39:50 --------------------
------------------------------------------------------------
-------------------- 2024-12-27 11:39:50 --------------------
Will run command python flash_detection/detection_main.py --dataset theia --mode test --dist_method SGDD --dist_ratio 0.05 > exp_out/run_3DTC_test_theia_SGDD_0.05_.txt
Successfull: python flash_detection/detection_main.py --dataset theia --mode test --dist_method SGDD --dist_ratio 0.05
-------------------- 2024-12-27 11:39:59 --------------------
------------------------------------------------------------
------------------------------------------------------------
-------------------- 2024-12-27 11:39:59 --------------------
Will run command python flash_detection/distillation_main.py --method SGDD --dataset theia --reduction_rate 0.03 > exp_out/run_1GC_theia_SGDD_0.03_.txt
Successfull: python flash_detection/distillation_main.py --method SGDD --dataset theia --reduction_rate 0.03
-------------------- 2024-12-27 11:40:21 --------------------
------------------------------------------------------------
-------------------- 2024-12-27 11:40:21 --------------------
Will run command python flash_detection/detection_main.py --dataset theia --mode train --dist_method SGDD --dist_ratio 0.03 > exp_out/run_2DTC_train_theia_SGDD_0.03_.txt
Successfull: python flash_detection/detection_main.py --dataset theia --mode train --dist_method SGDD --dist_ratio 0.03
-------------------- 2024-12-27 11:40:25 --------------------
------------------------------------------------------------
-------------------- 2024-12-27 11:40:25 --------------------
Will run command python flash_detection/detection_main.py --dataset theia --mode test --dist_method SGDD --dist_ratio 0.03 > exp_out/run_3DTC_test_theia_SGDD_0.03_.txt
Successfull: python flash_detection/detection_main.py --dataset theia --mode test --dist_method SGDD --dist_ratio 0.03
-------------------- 2024-12-27 11:40:34 --------------------
------------------------------------------------------------
------------------------------------------------------------
-------------------- 2024-12-27 11:40:34 --------------------
Will run command python flash_detection/distillation_main.py --method SGDD --dataset theia --reduction_rate 0.01 > exp_out/run_1GC_theia_SGDD_0.01_.txt
Successfull: python flash_detection/distillation_main.py --method SGDD --dataset theia --reduction_rate 0.01
-------------------- 2024-12-27 11:40:43 --------------------
------------------------------------------------------------
-------------------- 2024-12-27 11:40:43 --------------------
Will run command python flash_detection/detection_main.py --dataset theia --mode train --dist_method SGDD --dist_ratio 0.01 > exp_out/run_2DTC_train_theia_SGDD_0.01_.txt
Successfull: python flash_detection/detection_main.py --dataset theia --mode train --dist_method SGDD --dist_ratio 0.01
-------------------- 2024-12-27 11:40:48 --------------------
------------------------------------------------------------
-------------------- 2024-12-27 11:40:48 --------------------
Will run command python flash_detection/detection_main.py --dataset theia --mode test --dist_method SGDD --dist_ratio 0.01 > exp_out/run_3DTC_test_theia_SGDD_0.01_.txt
Successfull: python flash_detection/detection_main.py --dataset theia --mode test --dist_method SGDD --dist_ratio 0.01
-------------------- 2024-12-27 11:40:57 --------------------
------------------------------------------------------------
------------------------------------------------------------
-------------------- 2024-12-27 11:40:57 --------------------
Will run command python flash_detection/distillation_main.py --method SGDD --dataset theia --reduction_rate 0.008 > exp_out/run_1GC_theia_SGDD_0.008_.txt
Successfull: python flash_detection/distillation_main.py --method SGDD --dataset theia --reduction_rate 0.008
-------------------- 2024-12-27 11:41:08 --------------------
------------------------------------------------------------
-------------------- 2024-12-27 11:41:08 --------------------
Will run command python flash_detection/detection_main.py --dataset theia --mode train --dist_method SGDD --dist_ratio 0.008 > exp_out/run_2DTC_train_theia_SGDD_0.008_.txt
Successfull: python flash_detection/detection_main.py --dataset theia --mode train --dist_method SGDD --dist_ratio 0.008
-------------------- 2024-12-27 11:41:12 --------------------
------------------------------------------------------------
-------------------- 2024-12-27 11:41:12 --------------------
Will run command python flash_detection/detection_main.py --dataset theia --mode test --dist_method SGDD --dist_ratio 0.008 > exp_out/run_3DTC_test_theia_SGDD_0.008_.txt
Successfull: python flash_detection/detection_main.py --dataset theia --mode test --dist_method SGDD --dist_ratio 0.008
-------------------- 2024-12-27 11:41:21 --------------------
------------------------------------------------------------
------------------------------------------------------------
-------------------- 2024-12-27 11:41:21 --------------------
Will run command python flash_detection/distillation_main.py --method SGDD --dataset theia --reduction_rate 0.006 > exp_out/run_1GC_theia_SGDD_0.006_.txt
Successfull: python flash_detection/distillation_main.py --method SGDD --dataset theia --reduction_rate 0.006
-------------------- 2024-12-27 12:09:19 --------------------
------------------------------------------------------------
-------------------- 2024-12-27 12:09:19 --------------------
Will run command python flash_detection/detection_main.py --dataset theia --mode train --dist_method SGDD --dist_ratio 0.006 > exp_out/run_2DTC_train_theia_SGDD_0.006_.txt
Successfull: python flash_detection/detection_main.py --dataset theia --mode train --dist_method SGDD --dist_ratio 0.006
-------------------- 2024-12-27 12:09:26 --------------------
------------------------------------------------------------
-------------------- 2024-12-27 12:09:26 --------------------
Will run command python flash_detection/detection_main.py --dataset theia --mode test --dist_method SGDD --dist_ratio 0.006 > exp_out/run_3DTC_test_theia_SGDD_0.006_.txt
Successfull: python flash_detection/detection_main.py --dataset theia --mode test --dist_method SGDD --dist_ratio 0.006
-------------------- 2024-12-27 12:10:16 --------------------
------------------------------------------------------------
------------------------------------------------------------
-------------------- 2024-12-27 12:10:16 --------------------
Will run command python flash_detection/distillation_main.py --method SGDD --dataset theia --reduction_rate 0.004 > exp_out/run_1GC_theia_SGDD_0.004_.txt
Successfull: python flash_detection/distillation_main.py --method SGDD --dataset theia --reduction_rate 0.004
-------------------- 2024-12-27 12:23:11 --------------------
------------------------------------------------------------
-------------------- 2024-12-27 12:23:11 --------------------
Will run command python flash_detection/detection_main.py --dataset theia --mode train --dist_method SGDD --dist_ratio 0.004 > exp_out/run_2DTC_train_theia_SGDD_0.004_.txt
Successfull: python flash_detection/detection_main.py --dataset theia --mode train --dist_method SGDD --dist_ratio 0.004
-------------------- 2024-12-27 12:23:17 --------------------
------------------------------------------------------------
-------------------- 2024-12-27 12:23:17 --------------------
Will run command python flash_detection/detection_main.py --dataset theia --mode test --dist_method SGDD --dist_ratio 0.004 > exp_out/run_3DTC_test_theia_SGDD_0.004_.txt
Successfull: python flash_detection/detection_main.py --dataset theia --mode test --dist_method SGDD --dist_ratio 0.004
-------------------- 2024-12-27 12:24:05 --------------------
------------------------------------------------------------
------------------------------------------------------------
-------------------- 2024-12-27 12:24:05 --------------------
Will run command python flash_detection/distillation_main.py --method SGDD --dataset theia --reduction_rate 0.002 > exp_out/run_1GC_theia_SGDD_0.002_.txt
Successfull: python flash_detection/distillation_main.py --method SGDD --dataset theia --reduction_rate 0.002
-------------------- 2024-12-27 12:28:34 --------------------
------------------------------------------------------------
-------------------- 2024-12-27 12:28:34 --------------------
Will run command python flash_detection/detection_main.py --dataset theia --mode train --dist_method SGDD --dist_ratio 0.002 > exp_out/run_2DTC_train_theia_SGDD_0.002_.txt
Successfull: python flash_detection/detection_main.py --dataset theia --mode train --dist_method SGDD --dist_ratio 0.002
-------------------- 2024-12-27 12:28:39 --------------------
------------------------------------------------------------
-------------------- 2024-12-27 12:28:39 --------------------
Will run command python flash_detection/detection_main.py --dataset theia --mode test --dist_method SGDD --dist_ratio 0.002 > exp_out/run_3DTC_test_theia_SGDD_0.002_.txt
Successfull: python flash_detection/detection_main.py --dataset theia --mode test --dist_method SGDD --dist_ratio 0.002
-------------------- 2024-12-27 12:29:29 --------------------
------------------------------------------------------------
------------------------------------------------------------
-------------------- 2024-12-27 12:29:29 --------------------
Will run command python flash_detection/distillation_main.py --method GCond --dataset theia --reduction_rate 0.05 > exp_out/run_1GC_theia_GCond_0.05_.txt
Successfull: python flash_detection/distillation_main.py --method GCond --dataset theia --reduction_rate 0.05
-------------------- 2024-12-27 12:30:11 --------------------
------------------------------------------------------------
-------------------- 2024-12-27 12:30:11 --------------------
Will run command python flash_detection/detection_main.py --dataset theia --mode train --dist_method GCond --dist_ratio 0.05 > exp_out/run_2DTC_train_theia_GCond_0.05_.txt
Successfull: python flash_detection/detection_main.py --dataset theia --mode train --dist_method GCond --dist_ratio 0.05
-------------------- 2024-12-27 12:30:15 --------------------
------------------------------------------------------------
-------------------- 2024-12-27 12:30:15 --------------------
Will run command python flash_detection/detection_main.py --dataset theia --mode test --dist_method GCond --dist_ratio 0.05 > exp_out/run_3DTC_test_theia_GCond_0.05_.txt
Successfull: python flash_detection/detection_main.py --dataset theia --mode test --dist_method GCond --dist_ratio 0.05
-------------------- 2024-12-27 12:30:24 --------------------
------------------------------------------------------------
------------------------------------------------------------
-------------------- 2024-12-27 12:30:24 --------------------
Will run command python flash_detection/distillation_main.py --method GCond --dataset theia --reduction_rate 0.03 > exp_out/run_1GC_theia_GCond_0.03_.txt
Successfull: python flash_detection/distillation_main.py --method GCond --dataset theia --reduction_rate 0.03
-------------------- 2024-12-27 12:30:44 --------------------
------------------------------------------------------------
-------------------- 2024-12-27 12:30:44 --------------------
Will run command python flash_detection/detection_main.py --dataset theia --mode train --dist_method GCond --dist_ratio 0.03 > exp_out/run_2DTC_train_theia_GCond_0.03_.txt
Successfull: python flash_detection/detection_main.py --dataset theia --mode train --dist_method GCond --dist_ratio 0.03
-------------------- 2024-12-27 12:30:48 --------------------
------------------------------------------------------------
-------------------- 2024-12-27 12:30:48 --------------------
Will run command python flash_detection/detection_main.py --dataset theia --mode test --dist_method GCond --dist_ratio 0.03 > exp_out/run_3DTC_test_theia_GCond_0.03_.txt
Successfull: python flash_detection/detection_main.py --dataset theia --mode test --dist_method GCond --dist_ratio 0.03
-------------------- 2024-12-27 12:30:57 --------------------
------------------------------------------------------------
------------------------------------------------------------
-------------------- 2024-12-27 12:30:57 --------------------
Will run command python flash_detection/distillation_main.py --method GCond --dataset theia --reduction_rate 0.01 > exp_out/run_1GC_theia_GCond_0.01_.txt
Successfull: python flash_detection/distillation_main.py --method GCond --dataset theia --reduction_rate 0.01
-------------------- 2024-12-27 12:51:59 --------------------
------------------------------------------------------------
-------------------- 2024-12-27 12:51:59 --------------------
Will run command python flash_detection/detection_main.py --dataset theia --mode train --dist_method GCond --dist_ratio 0.01 > exp_out/run_2DTC_train_theia_GCond_0.01_.txt
Successfull: python flash_detection/detection_main.py --dataset theia --mode train --dist_method GCond --dist_ratio 0.01
-------------------- 2024-12-27 12:52:08 --------------------
------------------------------------------------------------
-------------------- 2024-12-27 12:52:08 --------------------
Will run command python flash_detection/detection_main.py --dataset theia --mode test --dist_method GCond --dist_ratio 0.01 > exp_out/run_3DTC_test_theia_GCond_0.01_.txt
Successfull: python flash_detection/detection_main.py --dataset theia --mode test --dist_method GCond --dist_ratio 0.01
-------------------- 2024-12-27 12:52:56 --------------------
------------------------------------------------------------
------------------------------------------------------------
-------------------- 2024-12-27 12:52:56 --------------------
Will run command python flash_detection/distillation_main.py --method GCond --dataset theia --reduction_rate 0.008 > exp_out/run_1GC_theia_GCond_0.008_.txt
Successfull: python flash_detection/distillation_main.py --method GCond --dataset theia --reduction_rate 0.008
-------------------- 2024-12-27 13:06:49 --------------------
------------------------------------------------------------
-------------------- 2024-12-27 13:06:49 --------------------
Will run command python flash_detection/detection_main.py --dataset theia --mode train --dist_method GCond --dist_ratio 0.008 > exp_out/run_2DTC_train_theia_GCond_0.008_.txt
Successfull: python flash_detection/detection_main.py --dataset theia --mode train --dist_method GCond --dist_ratio 0.008
-------------------- 2024-12-27 13:06:57 --------------------
------------------------------------------------------------
-------------------- 2024-12-27 13:06:57 --------------------
Will run command python flash_detection/detection_main.py --dataset theia --mode test --dist_method GCond --dist_ratio 0.008 > exp_out/run_3DTC_test_theia_GCond_0.008_.txt
Successfull: python flash_detection/detection_main.py --dataset theia --mode test --dist_method GCond --dist_ratio 0.008
-------------------- 2024-12-27 13:07:48 --------------------
------------------------------------------------------------
------------------------------------------------------------
-------------------- 2024-12-27 13:07:48 --------------------
Will run command python flash_detection/distillation_main.py --method GCond --dataset theia --reduction_rate 0.006 > exp_out/run_1GC_theia_GCond_0.006_.txt
Successfull: python flash_detection/distillation_main.py --method GCond --dataset theia --reduction_rate 0.006
-------------------- 2024-12-27 13:16:12 --------------------
------------------------------------------------------------
-------------------- 2024-12-27 13:16:12 --------------------
Will run command python flash_detection/detection_main.py --dataset theia --mode train --dist_method GCond --dist_ratio 0.006 > exp_out/run_2DTC_train_theia_GCond_0.006_.txt
Successfull: python flash_detection/detection_main.py --dataset theia --mode train --dist_method GCond --dist_ratio 0.006
-------------------- 2024-12-27 13:16:21 --------------------
------------------------------------------------------------
-------------------- 2024-12-27 13:16:21 --------------------
Will run command python flash_detection/detection_main.py --dataset theia --mode test --dist_method GCond --dist_ratio 0.006 > exp_out/run_3DTC_test_theia_GCond_0.006_.txt
Successfull: python flash_detection/detection_main.py --dataset theia --mode test --dist_method GCond --dist_ratio 0.006
-------------------- 2024-12-27 13:17:11 --------------------
------------------------------------------------------------
------------------------------------------------------------
-------------------- 2024-12-27 13:17:11 --------------------
Will run command python flash_detection/distillation_main.py --method GCond --dataset theia --reduction_rate 0.004 > exp_out/run_1GC_theia_GCond_0.004_.txt
Successfull: python flash_detection/distillation_main.py --method GCond --dataset theia --reduction_rate 0.004
-------------------- 2024-12-27 13:21:45 --------------------
------------------------------------------------------------
-------------------- 2024-12-27 13:21:45 --------------------
Will run command python flash_detection/detection_main.py --dataset theia --mode train --dist_method GCond --dist_ratio 0.004 > exp_out/run_2DTC_train_theia_GCond_0.004_.txt
Successfull: python flash_detection/detection_main.py --dataset theia --mode train --dist_method GCond --dist_ratio 0.004
-------------------- 2024-12-27 13:21:51 --------------------
------------------------------------------------------------
-------------------- 2024-12-27 13:21:51 --------------------
Will run command python flash_detection/detection_main.py --dataset theia --mode test --dist_method GCond --dist_ratio 0.004 > exp_out/run_3DTC_test_theia_GCond_0.004_.txt
Successfull: python flash_detection/detection_main.py --dataset theia --mode test --dist_method GCond --dist_ratio 0.004
-------------------- 2024-12-27 13:22:42 --------------------
------------------------------------------------------------
------------------------------------------------------------
-------------------- 2024-12-27 13:22:42 --------------------
Will run command python flash_detection/distillation_main.py --method GCond --dataset theia --reduction_rate 0.002 > exp_out/run_1GC_theia_GCond_0.002_.txt
Successfull: python flash_detection/distillation_main.py --method GCond --dataset theia --reduction_rate 0.002
-------------------- 2024-12-27 13:25:06 --------------------
------------------------------------------------------------
-------------------- 2024-12-27 13:25:06 --------------------
Will run command python flash_detection/detection_main.py --dataset theia --mode train --dist_method GCond --dist_ratio 0.002 > exp_out/run_2DTC_train_theia_GCond_0.002_.txt
Successfull: python flash_detection/detection_main.py --dataset theia --mode train --dist_method GCond --dist_ratio 0.002
-------------------- 2024-12-27 13:25:12 --------------------
------------------------------------------------------------
-------------------- 2024-12-27 13:25:12 --------------------
Will run command python flash_detection/detection_main.py --dataset theia --mode test --dist_method GCond --dist_ratio 0.002 > exp_out/run_3DTC_test_theia_GCond_0.002_.txt
Successfull: python flash_detection/detection_main.py --dataset theia --mode test --dist_method GCond --dist_ratio 0.002
-------------------- 2024-12-27 13:26:03 --------------------
------------------------------------------------------------
------------------------------------------------------------
-------------------- 2024-12-27 13:26:03 --------------------
Will run command python flash_detection/distillation_main.py --method GCDM --dataset theia --reduction_rate 0.05 > exp_out/run_1GC_theia_GCDM_0.05_.txt
Successfull: python flash_detection/distillation_main.py --method GCDM --dataset theia --reduction_rate 0.05
-------------------- 2024-12-27 13:26:44 --------------------
------------------------------------------------------------
-------------------- 2024-12-27 13:26:44 --------------------
Will run command python flash_detection/detection_main.py --dataset theia --mode train --dist_method GCDM --dist_ratio 0.05 > exp_out/run_2DTC_train_theia_GCDM_0.05_.txt
Successfull: python flash_detection/detection_main.py --dataset theia --mode train --dist_method GCDM --dist_ratio 0.05
-------------------- 2024-12-27 13:26:48 --------------------
------------------------------------------------------------
-------------------- 2024-12-27 13:26:48 --------------------
Will run command python flash_detection/detection_main.py --dataset theia --mode test --dist_method GCDM --dist_ratio 0.05 > exp_out/run_3DTC_test_theia_GCDM_0.05_.txt
Successfull: python flash_detection/detection_main.py --dataset theia --mode test --dist_method GCDM --dist_ratio 0.05
-------------------- 2024-12-27 13:26:57 --------------------
------------------------------------------------------------
------------------------------------------------------------
-------------------- 2024-12-27 13:26:57 --------------------
Will run command python flash_detection/distillation_main.py --method GCDM --dataset theia --reduction_rate 0.03 > exp_out/run_1GC_theia_GCDM_0.03_.txt
Successfull: python flash_detection/distillation_main.py --method GCDM --dataset theia --reduction_rate 0.03
-------------------- 2024-12-27 13:27:17 --------------------
------------------------------------------------------------
-------------------- 2024-12-27 13:27:17 --------------------
Will run command python flash_detection/detection_main.py --dataset theia --mode train --dist_method GCDM --dist_ratio 0.03 > exp_out/run_2DTC_train_theia_GCDM_0.03_.txt
Successfull: python flash_detection/detection_main.py --dataset theia --mode train --dist_method GCDM --dist_ratio 0.03
-------------------- 2024-12-27 13:27:22 --------------------
------------------------------------------------------------
-------------------- 2024-12-27 13:27:22 --------------------
Will run command python flash_detection/detection_main.py --dataset theia --mode test --dist_method GCDM --dist_ratio 0.03 > exp_out/run_3DTC_test_theia_GCDM_0.03_.txt
Successfull: python flash_detection/detection_main.py --dataset theia --mode test --dist_method GCDM --dist_ratio 0.03
-------------------- 2024-12-27 13:27:31 --------------------
------------------------------------------------------------
------------------------------------------------------------
-------------------- 2024-12-27 13:27:31 --------------------
Will run command python flash_detection/distillation_main.py --method GCDM --dataset theia --reduction_rate 0.01 > exp_out/run_1GC_theia_GCDM_0.01_.txt
Successfull: python flash_detection/distillation_main.py --method GCDM --dataset theia --reduction_rate 0.01
-------------------- 2024-12-27 13:32:35 --------------------
------------------------------------------------------------
-------------------- 2024-12-27 13:32:35 --------------------
Will run command python flash_detection/detection_main.py --dataset theia --mode train --dist_method GCDM --dist_ratio 0.01 > exp_out/run_2DTC_train_theia_GCDM_0.01_.txt
Successfull: python flash_detection/detection_main.py --dataset theia --mode train --dist_method GCDM --dist_ratio 0.01
-------------------- 2024-12-27 13:32:47 --------------------
------------------------------------------------------------
-------------------- 2024-12-27 13:32:47 --------------------
Will run command python flash_detection/detection_main.py --dataset theia --mode test --dist_method GCDM --dist_ratio 0.01 > exp_out/run_3DTC_test_theia_GCDM_0.01_.txt
Successfull: python flash_detection/detection_main.py --dataset theia --mode test --dist_method GCDM --dist_ratio 0.01
-------------------- 2024-12-27 13:33:38 --------------------
------------------------------------------------------------
------------------------------------------------------------
-------------------- 2024-12-27 13:33:38 --------------------
Will run command python flash_detection/distillation_main.py --method GCDM --dataset theia --reduction_rate 0.008 > exp_out/run_1GC_theia_GCDM_0.008_.txt
Successfull: python flash_detection/distillation_main.py --method GCDM --dataset theia --reduction_rate 0.008
-------------------- 2024-12-27 13:38:26 --------------------
------------------------------------------------------------
-------------------- 2024-12-27 13:38:26 --------------------
Will run command python flash_detection/detection_main.py --dataset theia --mode train --dist_method GCDM --dist_ratio 0.008 > exp_out/run_2DTC_train_theia_GCDM_0.008_.txt
Successfull: python flash_detection/detection_main.py --dataset theia --mode train --dist_method GCDM --dist_ratio 0.008
-------------------- 2024-12-27 13:38:33 --------------------
------------------------------------------------------------
-------------------- 2024-12-27 13:38:33 --------------------
Will run command python flash_detection/detection_main.py --dataset theia --mode test --dist_method GCDM --dist_ratio 0.008 > exp_out/run_3DTC_test_theia_GCDM_0.008_.txt
Successfull: python flash_detection/detection_main.py --dataset theia --mode test --dist_method GCDM --dist_ratio 0.008
-------------------- 2024-12-27 13:39:24 --------------------
------------------------------------------------------------
------------------------------------------------------------
-------------------- 2024-12-27 13:39:24 --------------------
Will run command python flash_detection/distillation_main.py --method GCDM --dataset theia --reduction_rate 0.006 > exp_out/run_1GC_theia_GCDM_0.006_.txt
Successfull: python flash_detection/distillation_main.py --method GCDM --dataset theia --reduction_rate 0.006
-------------------- 2024-12-27 13:43:58 --------------------
------------------------------------------------------------
-------------------- 2024-12-27 13:43:58 --------------------
Will run command python flash_detection/detection_main.py --dataset theia --mode train --dist_method GCDM --dist_ratio 0.006 > exp_out/run_2DTC_train_theia_GCDM_0.006_.txt
Successfull: python flash_detection/detection_main.py --dataset theia --mode train --dist_method GCDM --dist_ratio 0.006
-------------------- 2024-12-27 13:44:05 --------------------
------------------------------------------------------------
-------------------- 2024-12-27 13:44:05 --------------------
Will run command python flash_detection/detection_main.py --dataset theia --mode test --dist_method GCDM --dist_ratio 0.006 > exp_out/run_3DTC_test_theia_GCDM_0.006_.txt
Successfull: python flash_detection/detection_main.py --dataset theia --mode test --dist_method GCDM --dist_ratio 0.006
-------------------- 2024-12-27 13:44:55 --------------------
------------------------------------------------------------
------------------------------------------------------------
-------------------- 2024-12-27 13:44:55 --------------------
Will run command python flash_detection/distillation_main.py --method GCDM --dataset theia --reduction_rate 0.004 > exp_out/run_1GC_theia_GCDM_0.004_.txt
Successfull: python flash_detection/distillation_main.py --method GCDM --dataset theia --reduction_rate 0.004
-------------------- 2024-12-27 13:49:21 --------------------
------------------------------------------------------------
-------------------- 2024-12-27 13:49:21 --------------------
Will run command python flash_detection/detection_main.py --dataset theia --mode train --dist_method GCDM --dist_ratio 0.004 > exp_out/run_2DTC_train_theia_GCDM_0.004_.txt
Successfull: python flash_detection/detection_main.py --dataset theia --mode train --dist_method GCDM --dist_ratio 0.004
-------------------- 2024-12-27 13:49:28 --------------------
------------------------------------------------------------
-------------------- 2024-12-27 13:49:28 --------------------
Will run command python flash_detection/detection_main.py --dataset theia --mode test --dist_method GCDM --dist_ratio 0.004 > exp_out/run_3DTC_test_theia_GCDM_0.004_.txt
Successfull: python flash_detection/detection_main.py --dataset theia --mode test --dist_method GCDM --dist_ratio 0.004
-------------------- 2024-12-27 13:50:18 --------------------
------------------------------------------------------------
------------------------------------------------------------
-------------------- 2024-12-27 13:50:18 --------------------
Will run command python flash_detection/distillation_main.py --method GCDM --dataset theia --reduction_rate 0.002 > exp_out/run_1GC_theia_GCDM_0.002_.txt
Successfull: python flash_detection/distillation_main.py --method GCDM --dataset theia --reduction_rate 0.002
-------------------- 2024-12-27 13:54:38 --------------------
------------------------------------------------------------
-------------------- 2024-12-27 13:54:38 --------------------
Will run command python flash_detection/detection_main.py --dataset theia --mode train --dist_method GCDM --dist_ratio 0.002 > exp_out/run_2DTC_train_theia_GCDM_0.002_.txt
Successfull: python flash_detection/detection_main.py --dataset theia --mode train --dist_method GCDM --dist_ratio 0.002
-------------------- 2024-12-27 13:54:45 --------------------
------------------------------------------------------------
-------------------- 2024-12-27 13:54:45 --------------------
Will run command python flash_detection/detection_main.py --dataset theia --mode test --dist_method GCDM --dist_ratio 0.002 > exp_out/run_3DTC_test_theia_GCDM_0.002_.txt
Successfull: python flash_detection/detection_main.py --dataset theia --mode test --dist_method GCDM --dist_ratio 0.002
-------------------- 2024-12-27 13:55:35 --------------------
------------------------------------------------------------
------------------------------------------------------------
-------------------- 2024-12-27 13:55:35 --------------------
Will run command python flash_detection/distillation_main.py --method herding --dataset theia --reduction_rate 0.05 > exp_out/run_1GC_theia_herding_0.05_.txt
Successfull: python flash_detection/distillation_main.py --method herding --dataset theia --reduction_rate 0.05
-------------------- 2024-12-27 14:00:24 --------------------
------------------------------------------------------------
-------------------- 2024-12-27 14:00:24 --------------------
Will run command python flash_detection/detection_main.py --dataset theia --mode train --dist_method herding --dist_ratio 0.05 > exp_out/run_2DTC_train_theia_herding_0.05_.txt
Successfull: python flash_detection/detection_main.py --dataset theia --mode train --dist_method herding --dist_ratio 0.05
-------------------- 2024-12-27 14:00:30 --------------------
------------------------------------------------------------
-------------------- 2024-12-27 14:00:30 --------------------
Will run command python flash_detection/detection_main.py --dataset theia --mode test --dist_method herding --dist_ratio 0.05 > exp_out/run_3DTC_test_theia_herding_0.05_.txt
Successfull: python flash_detection/detection_main.py --dataset theia --mode test --dist_method herding --dist_ratio 0.05
-------------------- 2024-12-27 14:01:21 --------------------
------------------------------------------------------------
------------------------------------------------------------
-------------------- 2024-12-27 14:01:21 --------------------
Will run command python flash_detection/distillation_main.py --method herding --dataset theia --reduction_rate 0.03 > exp_out/run_1GC_theia_herding_0.03_.txt
Successfull: python flash_detection/distillation_main.py --method herding --dataset theia --reduction_rate 0.03
-------------------- 2024-12-27 14:04:52 --------------------
------------------------------------------------------------
-------------------- 2024-12-27 14:04:52 --------------------
Will run command python flash_detection/detection_main.py --dataset theia --mode train --dist_method herding --dist_ratio 0.03 > exp_out/run_2DTC_train_theia_herding_0.03_.txt
Successfull: python flash_detection/detection_main.py --dataset theia --mode train --dist_method herding --dist_ratio 0.03
-------------------- 2024-12-27 14:04:58 --------------------
------------------------------------------------------------
-------------------- 2024-12-27 14:04:58 --------------------
Will run command python flash_detection/detection_main.py --dataset theia --mode test --dist_method herding --dist_ratio 0.03 > exp_out/run_3DTC_test_theia_herding_0.03_.txt
Successfull: python flash_detection/detection_main.py --dataset theia --mode test --dist_method herding --dist_ratio 0.03
-------------------- 2024-12-27 14:05:49 --------------------
------------------------------------------------------------
------------------------------------------------------------
-------------------- 2024-12-27 14:05:49 --------------------
Will run command python flash_detection/distillation_main.py --method herding --dataset theia --reduction_rate 0.01 > exp_out/run_1GC_theia_herding_0.01_.txt
Successfull: python flash_detection/distillation_main.py --method herding --dataset theia --reduction_rate 0.01
-------------------- 2024-12-27 14:08:04 --------------------
------------------------------------------------------------
-------------------- 2024-12-27 14:08:04 --------------------
Will run command python flash_detection/detection_main.py --dataset theia --mode train --dist_method herding --dist_ratio 0.01 > exp_out/run_2DTC_train_theia_herding_0.01_.txt
Successfull: python flash_detection/detection_main.py --dataset theia --mode train --dist_method herding --dist_ratio 0.01
-------------------- 2024-12-27 14:08:10 --------------------
------------------------------------------------------------
-------------------- 2024-12-27 14:08:10 --------------------
Will run command python flash_detection/detection_main.py --dataset theia --mode test --dist_method herding --dist_ratio 0.01 > exp_out/run_3DTC_test_theia_herding_0.01_.txt
Successfull: python flash_detection/detection_main.py --dataset theia --mode test --dist_method herding --dist_ratio 0.01
-------------------- 2024-12-27 14:09:00 --------------------
------------------------------------------------------------
------------------------------------------------------------
-------------------- 2024-12-27 14:09:00 --------------------
Will run command python flash_detection/distillation_main.py --method herding --dataset theia --reduction_rate 0.008 > exp_out/run_1GC_theia_herding_0.008_.txt
Successfull: python flash_detection/distillation_main.py --method herding --dataset theia --reduction_rate 0.008
-------------------- 2024-12-27 14:11:08 --------------------
------------------------------------------------------------
-------------------- 2024-12-27 14:11:08 --------------------
Will run command python flash_detection/detection_main.py --dataset theia --mode train --dist_method herding --dist_ratio 0.008 > exp_out/run_2DTC_train_theia_herding_0.008_.txt
Successfull: python flash_detection/detection_main.py --dataset theia --mode train --dist_method herding --dist_ratio 0.008
-------------------- 2024-12-27 14:11:14 --------------------
------------------------------------------------------------
-------------------- 2024-12-27 14:11:14 --------------------
Will run command python flash_detection/detection_main.py --dataset theia --mode test --dist_method herding --dist_ratio 0.008 > exp_out/run_3DTC_test_theia_herding_0.008_.txt
Successfull: python flash_detection/detection_main.py --dataset theia --mode test --dist_method herding --dist_ratio 0.008
-------------------- 2024-12-27 14:12:05 --------------------
------------------------------------------------------------
------------------------------------------------------------
-------------------- 2024-12-27 14:12:05 --------------------
Will run command python flash_detection/distillation_main.py --method herding --dataset theia --reduction_rate 0.006 > exp_out/run_1GC_theia_herding_0.006_.txt
Successfull: python flash_detection/distillation_main.py --method herding --dataset theia --reduction_rate 0.006
-------------------- 2024-12-27 14:14:04 --------------------
------------------------------------------------------------
-------------------- 2024-12-27 14:14:04 --------------------
Will run command python flash_detection/detection_main.py --dataset theia --mode train --dist_method herding --dist_ratio 0.006 > exp_out/run_2DTC_train_theia_herding_0.006_.txt
Successfull: python flash_detection/detection_main.py --dataset theia --mode train --dist_method herding --dist_ratio 0.006
-------------------- 2024-12-27 14:14:10 --------------------
------------------------------------------------------------
-------------------- 2024-12-27 14:14:10 --------------------
Will run command python flash_detection/detection_main.py --dataset theia --mode test --dist_method herding --dist_ratio 0.006 > exp_out/run_3DTC_test_theia_herding_0.006_.txt
Successfull: python flash_detection/detection_main.py --dataset theia --mode test --dist_method herding --dist_ratio 0.006
-------------------- 2024-12-27 14:15:00 --------------------
------------------------------------------------------------
------------------------------------------------------------
-------------------- 2024-12-27 14:15:00 --------------------
Will run command python flash_detection/distillation_main.py --method herding --dataset theia --reduction_rate 0.004 > exp_out/run_1GC_theia_herding_0.004_.txt
Successfull: python flash_detection/distillation_main.py --method herding --dataset theia --reduction_rate 0.004
-------------------- 2024-12-27 14:16:52 --------------------
------------------------------------------------------------
-------------------- 2024-12-27 14:16:52 --------------------
Will run command python flash_detection/detection_main.py --dataset theia --mode train --dist_method herding --dist_ratio 0.004 > exp_out/run_2DTC_train_theia_herding_0.004_.txt
Successfull: python flash_detection/detection_main.py --dataset theia --mode train --dist_method herding --dist_ratio 0.004
-------------------- 2024-12-27 14:16:58 --------------------
------------------------------------------------------------
-------------------- 2024-12-27 14:16:58 --------------------
Will run command python flash_detection/detection_main.py --dataset theia --mode test --dist_method herding --dist_ratio 0.004 > exp_out/run_3DTC_test_theia_herding_0.004_.txt
Successfull: python flash_detection/detection_main.py --dataset theia --mode test --dist_method herding --dist_ratio 0.004
-------------------- 2024-12-27 14:17:48 --------------------
------------------------------------------------------------
------------------------------------------------------------
-------------------- 2024-12-27 14:17:48 --------------------
Will run command python flash_detection/distillation_main.py --method herding --dataset theia --reduction_rate 0.002 > exp_out/run_1GC_theia_herding_0.002_.txt
Successfull: python flash_detection/distillation_main.py --method herding --dataset theia --reduction_rate 0.002
-------------------- 2024-12-27 14:19:33 --------------------
------------------------------------------------------------
-------------------- 2024-12-27 14:19:33 --------------------
Will run command python flash_detection/detection_main.py --dataset theia --mode train --dist_method herding --dist_ratio 0.002 > exp_out/run_2DTC_train_theia_herding_0.002_.txt
Successfull: python flash_detection/detection_main.py --dataset theia --mode train --dist_method herding --dist_ratio 0.002
-------------------- 2024-12-27 14:19:38 --------------------
------------------------------------------------------------
-------------------- 2024-12-27 14:19:38 --------------------
Will run command python flash_detection/detection_main.py --dataset theia --mode test --dist_method herding --dist_ratio 0.002 > exp_out/run_3DTC_test_theia_herding_0.002_.txt
Successfull: python flash_detection/detection_main.py --dataset theia --mode test --dist_method herding --dist_ratio 0.002
-------------------- 2024-12-27 14:20:29 --------------------
------------------------------------------------------------
------------------------------------------------------------
-------------------- 2024-12-27 14:20:29 --------------------
Will run command python flash_detection/distillation_main.py --method kcenter --dataset theia --reduction_rate 0.05 > exp_out/run_1GC_theia_kcenter_0.05_.txt
Successfull: python flash_detection/distillation_main.py --method kcenter --dataset theia --reduction_rate 0.05
-------------------- 2024-12-27 14:30:15 --------------------
------------------------------------------------------------
-------------------- 2024-12-27 14:30:15 --------------------
Will run command python flash_detection/detection_main.py --dataset theia --mode train --dist_method kcenter --dist_ratio 0.05 > exp_out/run_2DTC_train_theia_kcenter_0.05_.txt
Successfull: python flash_detection/detection_main.py --dataset theia --mode train --dist_method kcenter --dist_ratio 0.05
-------------------- 2024-12-27 14:30:21 --------------------
------------------------------------------------------------
-------------------- 2024-12-27 14:30:21 --------------------
Will run command python flash_detection/detection_main.py --dataset theia --mode test --dist_method kcenter --dist_ratio 0.05 > exp_out/run_3DTC_test_theia_kcenter_0.05_.txt
Successfull: python flash_detection/detection_main.py --dataset theia --mode test --dist_method kcenter --dist_ratio 0.05
-------------------- 2024-12-27 14:31:10 --------------------
------------------------------------------------------------
------------------------------------------------------------
-------------------- 2024-12-27 14:31:10 --------------------
Will run command python flash_detection/distillation_main.py --method kcenter --dataset theia --reduction_rate 0.03 > exp_out/run_1GC_theia_kcenter_0.03_.txt
Successfull: python flash_detection/distillation_main.py --method kcenter --dataset theia --reduction_rate 0.03
-------------------- 2024-12-27 14:35:44 --------------------
------------------------------------------------------------
-------------------- 2024-12-27 14:35:44 --------------------
Will run command python flash_detection/detection_main.py --dataset theia --mode train --dist_method kcenter --dist_ratio 0.03 > exp_out/run_2DTC_train_theia_kcenter_0.03_.txt
Successfull: python flash_detection/detection_main.py --dataset theia --mode train --dist_method kcenter --dist_ratio 0.03
-------------------- 2024-12-27 14:35:50 --------------------
------------------------------------------------------------
-------------------- 2024-12-27 14:35:50 --------------------
Will run command python flash_detection/detection_main.py --dataset theia --mode test --dist_method kcenter --dist_ratio 0.03 > exp_out/run_3DTC_test_theia_kcenter_0.03_.txt
Successfull: python flash_detection/detection_main.py --dataset theia --mode test --dist_method kcenter --dist_ratio 0.03
-------------------- 2024-12-27 14:36:39 --------------------
------------------------------------------------------------
------------------------------------------------------------
-------------------- 2024-12-27 14:36:39 --------------------
Will run command python flash_detection/distillation_main.py --method kcenter --dataset theia --reduction_rate 0.01 > exp_out/run_1GC_theia_kcenter_0.01_.txt
Successfull: python flash_detection/distillation_main.py --method kcenter --dataset theia --reduction_rate 0.01
-------------------- 2024-12-27 14:38:36 --------------------
------------------------------------------------------------
-------------------- 2024-12-27 14:38:36 --------------------
Will run command python flash_detection/detection_main.py --dataset theia --mode train --dist_method kcenter --dist_ratio 0.01 > exp_out/run_2DTC_train_theia_kcenter_0.01_.txt
Successfull: python flash_detection/detection_main.py --dataset theia --mode train --dist_method kcenter --dist_ratio 0.01
-------------------- 2024-12-27 14:38:42 --------------------
------------------------------------------------------------
-------------------- 2024-12-27 14:38:42 --------------------
Will run command python flash_detection/detection_main.py --dataset theia --mode test --dist_method kcenter --dist_ratio 0.01 > exp_out/run_3DTC_test_theia_kcenter_0.01_.txt
Successfull: python flash_detection/detection_main.py --dataset theia --mode test --dist_method kcenter --dist_ratio 0.01
-------------------- 2024-12-27 14:39:30 --------------------
------------------------------------------------------------
------------------------------------------------------------
-------------------- 2024-12-27 14:39:30 --------------------
Will run command python flash_detection/distillation_main.py --method kcenter --dataset theia --reduction_rate 0.008 > exp_out/run_1GC_theia_kcenter_0.008_.txt
Successfull: python flash_detection/distillation_main.py --method kcenter --dataset theia --reduction_rate 0.008
-------------------- 2024-12-27 14:41:20 --------------------
------------------------------------------------------------
-------------------- 2024-12-27 14:41:20 --------------------
Will run command python flash_detection/detection_main.py --dataset theia --mode train --dist_method kcenter --dist_ratio 0.008 > exp_out/run_2DTC_train_theia_kcenter_0.008_.txt
Successfull: python flash_detection/detection_main.py --dataset theia --mode train --dist_method kcenter --dist_ratio 0.008
-------------------- 2024-12-27 14:41:25 --------------------
------------------------------------------------------------
-------------------- 2024-12-27 14:41:25 --------------------
Will run command python flash_detection/detection_main.py --dataset theia --mode test --dist_method kcenter --dist_ratio 0.008 > exp_out/run_3DTC_test_theia_kcenter_0.008_.txt
Successfull: python flash_detection/detection_main.py --dataset theia --mode test --dist_method kcenter --dist_ratio 0.008
-------------------- 2024-12-27 14:42:16 --------------------
------------------------------------------------------------
------------------------------------------------------------
-------------------- 2024-12-27 14:42:16 --------------------
Will run command python flash_detection/distillation_main.py --method kcenter --dataset theia --reduction_rate 0.006 > exp_out/run_1GC_theia_kcenter_0.006_.txt
Successfull: python flash_detection/distillation_main.py --method kcenter --dataset theia --reduction_rate 0.006
-------------------- 2024-12-27 14:44:00 --------------------
------------------------------------------------------------
-------------------- 2024-12-27 14:44:00 --------------------
Will run command python flash_detection/detection_main.py --dataset theia --mode train --dist_method kcenter --dist_ratio 0.006 > exp_out/run_2DTC_train_theia_kcenter_0.006_.txt
Successfull: python flash_detection/detection_main.py --dataset theia --mode train --dist_method kcenter --dist_ratio 0.006
-------------------- 2024-12-27 14:44:06 --------------------
------------------------------------------------------------
-------------------- 2024-12-27 14:44:06 --------------------
Will run command python flash_detection/detection_main.py --dataset theia --mode test --dist_method kcenter --dist_ratio 0.006 > exp_out/run_3DTC_test_theia_kcenter_0.006_.txt
Successfull: python flash_detection/detection_main.py --dataset theia --mode test --dist_method kcenter --dist_ratio 0.006
-------------------- 2024-12-27 14:44:56 --------------------
------------------------------------------------------------
------------------------------------------------------------
-------------------- 2024-12-27 14:44:56 --------------------
Will run command python flash_detection/distillation_main.py --method kcenter --dataset theia --reduction_rate 0.004 > exp_out/run_1GC_theia_kcenter_0.004_.txt
Successfull: python flash_detection/distillation_main.py --method kcenter --dataset theia --reduction_rate 0.004
-------------------- 2024-12-27 14:46:36 --------------------
------------------------------------------------------------
-------------------- 2024-12-27 14:46:36 --------------------
Will run command python flash_detection/detection_main.py --dataset theia --mode train --dist_method kcenter --dist_ratio 0.004 > exp_out/run_2DTC_train_theia_kcenter_0.004_.txt
Successfull: python flash_detection/detection_main.py --dataset theia --mode train --dist_method kcenter --dist_ratio 0.004
-------------------- 2024-12-27 14:46:42 --------------------
------------------------------------------------------------
-------------------- 2024-12-27 14:46:42 --------------------
Will run command python flash_detection/detection_main.py --dataset theia --mode test --dist_method kcenter --dist_ratio 0.004 > exp_out/run_3DTC_test_theia_kcenter_0.004_.txt
Successfull: python flash_detection/detection_main.py --dataset theia --mode test --dist_method kcenter --dist_ratio 0.004
-------------------- 2024-12-27 14:47:32 --------------------
------------------------------------------------------------
------------------------------------------------------------
-------------------- 2024-12-27 14:47:32 --------------------
Will run command python flash_detection/distillation_main.py --method kcenter --dataset theia --reduction_rate 0.002 > exp_out/run_1GC_theia_kcenter_0.002_.txt
Successfull: python flash_detection/distillation_main.py --method kcenter --dataset theia --reduction_rate 0.002
-------------------- 2024-12-27 14:49:10 --------------------
------------------------------------------------------------
-------------------- 2024-12-27 14:49:10 --------------------
Will run command python flash_detection/detection_main.py --dataset theia --mode train --dist_method kcenter --dist_ratio 0.002 > exp_out/run_2DTC_train_theia_kcenter_0.002_.txt
Successfull: python flash_detection/detection_main.py --dataset theia --mode train --dist_method kcenter --dist_ratio 0.002
-------------------- 2024-12-27 14:49:15 --------------------
------------------------------------------------------------
-------------------- 2024-12-27 14:49:15 --------------------
Will run command python flash_detection/detection_main.py --dataset theia --mode test --dist_method kcenter --dist_ratio 0.002 > exp_out/run_3DTC_test_theia_kcenter_0.002_.txt
Successfull: python flash_detection/detection_main.py --dataset theia --mode test --dist_method kcenter --dist_ratio 0.002
-------------------- 2024-12-27 14:50:07 --------------------
------------------------------------------------------------
------------------------------------------------------------
-------------------- 2024-12-27 14:50:07 --------------------
Will run command python flash_detection/distillation_main.py --method random --dataset theia --reduction_rate 0.05 > exp_out/run_1GC_theia_random_0.05_.txt
Successfull: python flash_detection/distillation_main.py --method random --dataset theia --reduction_rate 0.05
-------------------- 2024-12-27 14:51:44 --------------------
------------------------------------------------------------
-------------------- 2024-12-27 14:51:44 --------------------
Will run command python flash_detection/detection_main.py --dataset theia --mode train --dist_method random --dist_ratio 0.05 > exp_out/run_2DTC_train_theia_random_0.05_.txt
Successfull: python flash_detection/detection_main.py --dataset theia --mode train --dist_method random --dist_ratio 0.05
-------------------- 2024-12-27 14:51:50 --------------------
------------------------------------------------------------
-------------------- 2024-12-27 14:51:50 --------------------
Will run command python flash_detection/detection_main.py --dataset theia --mode test --dist_method random --dist_ratio 0.05 > exp_out/run_3DTC_test_theia_random_0.05_.txt
Successfull: python flash_detection/detection_main.py --dataset theia --mode test --dist_method random --dist_ratio 0.05
-------------------- 2024-12-27 14:52:41 --------------------
------------------------------------------------------------
------------------------------------------------------------
-------------------- 2024-12-27 14:52:41 --------------------
Will run command python flash_detection/distillation_main.py --method random --dataset theia --reduction_rate 0.03 > exp_out/run_1GC_theia_random_0.03_.txt
Successfull: python flash_detection/distillation_main.py --method random --dataset theia --reduction_rate 0.03
-------------------- 2024-12-27 14:54:17 --------------------
------------------------------------------------------------
-------------------- 2024-12-27 14:54:17 --------------------
Will run command python flash_detection/detection_main.py --dataset theia --mode train --dist_method random --dist_ratio 0.03 > exp_out/run_2DTC_train_theia_random_0.03_.txt
Successfull: python flash_detection/detection_main.py --dataset theia --mode train --dist_method random --dist_ratio 0.03
-------------------- 2024-12-27 14:54:23 --------------------
------------------------------------------------------------
-------------------- 2024-12-27 14:54:23 --------------------
Will run command python flash_detection/detection_main.py --dataset theia --mode test --dist_method random --dist_ratio 0.03 > exp_out/run_3DTC_test_theia_random_0.03_.txt
Successfull: python flash_detection/detection_main.py --dataset theia --mode test --dist_method random --dist_ratio 0.03
-------------------- 2024-12-27 14:55:15 --------------------
------------------------------------------------------------
------------------------------------------------------------
-------------------- 2024-12-27 14:55:15 --------------------
Will run command python flash_detection/distillation_main.py --method random --dataset theia --reduction_rate 0.01 > exp_out/run_1GC_theia_random_0.01_.txt
Successfull: python flash_detection/distillation_main.py --method random --dataset theia --reduction_rate 0.01
-------------------- 2024-12-27 14:56:52 --------------------
------------------------------------------------------------
-------------------- 2024-12-27 14:56:52 --------------------
Will run command python flash_detection/detection_main.py --dataset theia --mode train --dist_method random --dist_ratio 0.01 > exp_out/run_2DTC_train_theia_random_0.01_.txt
Successfull: python flash_detection/detection_main.py --dataset theia --mode train --dist_method random --dist_ratio 0.01
-------------------- 2024-12-27 14:56:58 --------------------
------------------------------------------------------------
-------------------- 2024-12-27 14:56:58 --------------------
Will run command python flash_detection/detection_main.py --dataset theia --mode test --dist_method random --dist_ratio 0.01 > exp_out/run_3DTC_test_theia_random_0.01_.txt
Successfull: python flash_detection/detection_main.py --dataset theia --mode test --dist_method random --dist_ratio 0.01
-------------------- 2024-12-27 14:57:49 --------------------
------------------------------------------------------------
------------------------------------------------------------
-------------------- 2024-12-27 14:57:49 --------------------
Will run command python flash_detection/distillation_main.py --method random --dataset theia --reduction_rate 0.008 > exp_out/run_1GC_theia_random_0.008_.txt
Successfull: python flash_detection/distillation_main.py --method random --dataset theia --reduction_rate 0.008
-------------------- 2024-12-27 14:59:25 --------------------
------------------------------------------------------------
-------------------- 2024-12-27 14:59:25 --------------------
Will run command python flash_detection/detection_main.py --dataset theia --mode train --dist_method random --dist_ratio 0.008 > exp_out/run_2DTC_train_theia_random_0.008_.txt
Successfull: python flash_detection/detection_main.py --dataset theia --mode train --dist_method random --dist_ratio 0.008
-------------------- 2024-12-27 14:59:31 --------------------
------------------------------------------------------------
-------------------- 2024-12-27 14:59:31 --------------------
Will run command python flash_detection/detection_main.py --dataset theia --mode test --dist_method random --dist_ratio 0.008 > exp_out/run_3DTC_test_theia_random_0.008_.txt
Successfull: python flash_detection/detection_main.py --dataset theia --mode test --dist_method random --dist_ratio 0.008
-------------------- 2024-12-27 15:00:22 --------------------
------------------------------------------------------------
------------------------------------------------------------
-------------------- 2024-12-27 15:00:22 --------------------
Will run command python flash_detection/distillation_main.py --method random --dataset theia --reduction_rate 0.006 > exp_out/run_1GC_theia_random_0.006_.txt
Successfull: python flash_detection/distillation_main.py --method random --dataset theia --reduction_rate 0.006
-------------------- 2024-12-27 15:01:58 --------------------
------------------------------------------------------------
-------------------- 2024-12-27 15:01:58 --------------------
Will run command python flash_detection/detection_main.py --dataset theia --mode train --dist_method random --dist_ratio 0.006 > exp_out/run_2DTC_train_theia_random_0.006_.txt
Successfull: python flash_detection/detection_main.py --dataset theia --mode train --dist_method random --dist_ratio 0.006
-------------------- 2024-12-27 15:02:04 --------------------
------------------------------------------------------------
-------------------- 2024-12-27 15:02:04 --------------------
Will run command python flash_detection/detection_main.py --dataset theia --mode test --dist_method random --dist_ratio 0.006 > exp_out/run_3DTC_test_theia_random_0.006_.txt
Successfull: python flash_detection/detection_main.py --dataset theia --mode test --dist_method random --dist_ratio 0.006
-------------------- 2024-12-27 15:02:54 --------------------
------------------------------------------------------------
------------------------------------------------------------
-------------------- 2024-12-27 15:02:54 --------------------
Will run command python flash_detection/distillation_main.py --method random --dataset theia --reduction_rate 0.004 > exp_out/run_1GC_theia_random_0.004_.txt
Successfull: python flash_detection/distillation_main.py --method random --dataset theia --reduction_rate 0.004
-------------------- 2024-12-27 15:04:30 --------------------
------------------------------------------------------------
-------------------- 2024-12-27 15:04:30 --------------------
Will run command python flash_detection/detection_main.py --dataset theia --mode train --dist_method random --dist_ratio 0.004 > exp_out/run_2DTC_train_theia_random_0.004_.txt
Successfull: python flash_detection/detection_main.py --dataset theia --mode train --dist_method random --dist_ratio 0.004
-------------------- 2024-12-27 15:04:36 --------------------
------------------------------------------------------------
-------------------- 2024-12-27 15:04:36 --------------------
Will run command python flash_detection/detection_main.py --dataset theia --mode test --dist_method random --dist_ratio 0.004 > exp_out/run_3DTC_test_theia_random_0.004_.txt
Successfull: python flash_detection/detection_main.py --dataset theia --mode test --dist_method random --dist_ratio 0.004
-------------------- 2024-12-27 15:05:25 --------------------
------------------------------------------------------------
------------------------------------------------------------
-------------------- 2024-12-27 15:05:25 --------------------
Will run command python flash_detection/distillation_main.py --method random --dataset theia --reduction_rate 0.002 > exp_out/run_1GC_theia_random_0.002_.txt
Successfull: python flash_detection/distillation_main.py --method random --dataset theia --reduction_rate 0.002
-------------------- 2024-12-27 15:07:01 --------------------
------------------------------------------------------------
-------------------- 2024-12-27 15:07:01 --------------------
Will run command python flash_detection/detection_main.py --dataset theia --mode train --dist_method random --dist_ratio 0.002 > exp_out/run_2DTC_train_theia_random_0.002_.txt
Successfull: python flash_detection/detection_main.py --dataset theia --mode train --dist_method random --dist_ratio 0.002
-------------------- 2024-12-27 15:07:07 --------------------
------------------------------------------------------------
-------------------- 2024-12-27 15:07:07 --------------------
Will run command python flash_detection/detection_main.py --dataset theia --mode test --dist_method random --dist_ratio 0.002 > exp_out/run_3DTC_test_theia_random_0.002_.txt
Successfull: python flash_detection/detection_main.py --dataset theia --mode test --dist_method random --dist_ratio 0.002
-------------------- 2024-12-27 15:07:56 --------------------
------------------------------------------------------------
